id,type,prompt,answer,explanation,,,,,,,,,,,,,,,,,,,,,,,,,,,,,,,,,,,
1,社会科学：高中地理,"“数字地球”是____
A:指用数字表示地球的大小
B:把整个地球信息数字化后由计算机网络来管理的技术系统
C:用经纬网的数据来表示地理事物的位置
D:用GPS数据来表示地球上各种地理事物的位置",B,1. 数字地球是一种将地球上的各种地理信息进行数字化处理，并通过计算机网络进行管理和应用的技术系统。,,,,,,,,,,,,,,,,,,,,,,,,,,,,,,,,,,,
2,社会科学：高中地理,"下列自然现象与太阳辐射无关的是____
A:生物出现
B:水体的运动
C:风的形成
D:火山的喷发",D,"1. 太阳辐射是促进地球上生命活动、水体的运动、大气运动的主要动力，选项(A)、(B)、(C)均与太阳辐射有关。
2. 火山的喷发来自于地球的内能,与太阳辐射无关。",,,,,,,,,,,,,,,,,,,,,,,,,,,,,,,,,,,
3,理工科学：计算机网络,"下列设备属于资源子网的是____。
A:计算机软件
B:网桥
C:交换机
D:路由器",A,"1. 首先，资源子网是指提供共享资源的网络，如打印机、文件服务器等。
2. 其次，我们需要了解选项中设备的功能。网桥、交换机和路由器的主要功能是实现不同网络之间的通信和数据传输，是通信子网设备。而计算机软件可以提供共享资源的功能。",,,,,,,,,,,,,,,,,,,,,,,,,,,,,,,,,,,
4,理工科学：计算机网络,"滑动窗口的作用是____。
A:流量控制
B:拥塞控制
C:路由控制
D:差错控制",A,1. 滑动窗口是一种流量控制机制，用于控制发送方向接收方发送数据的速率，以避免接收方无法处理过多的数据而导致数据丢失或拥塞。,,,,,,,,,,,,,,,,,,,,,,,,,,,,,,,,,,,
5,社会科学：大学经济学,"考虑以下小型开放经济的数据：Y=1000，C=700，G=150，I=250-1000r*。如果世界利率为5%，那么小型开放经济的净出口为____。
A:50
B:-50
C:150
D:-150",B,"1. 首先，小型开放经济的净出口公式：NX = S - I，其中NX表示净出口，S表示储蓄，I表示投资。
2. 其次，根据国民账户恒等式，Y = C + I + G + NX，可以得到S = Y - C - G。将数据代入得到S = 150。
3. 接着，根据题目中的数据计算投资，I = 250 - 1000r*，其中r*表示世界利率。将r* = 5%代入得到I = 200。
4. 最后，计算净出口。将步骤2和步骤3的结果代入净出口公式，得到NX = S - I = 150 - 200 = -50。",,,,,,,,,,,,,,,,,,,,,,,,,,,,,,,,,,,
6,社会科学：大学经济学,"已知一垄断企业成本函数为TC=5Q2+20Q+10，产品的需求函数为Q=140-P。利润最大化的产量为____。
A:10
B:5
C:3
D:15",A,"1. 首先，垄断企业的利润最大化产量是当边际收益MR等于边际成本MC时。因此，我们需要求出该企业的边际收益和边际成本函数。
2. 其次，求出总收益TR。$TR=P*Q=140Q-Q^2$。
3. 接着，通过总收益TR求出边际收益MR函数，即$MR=\dfrac{\Delta TR}{\Delta Q}=140-2Q$。
4. 最后，通过成本函数TC求出边际成本MC函数，即$MC=\frac{\Delta TC}{\Delta Q}=20+10Q$。
5. 根据上述计算，我们将边际收益函数和边际成本函数相等，即$140-2Q=20+10Q$，解得$Q=10$。因此，利润最大化的产量为10。",,,,,,,,,,,,,,,,,,,,,,,,,,,,,,,,,,,
7,理工科学：初中生物,"在进行植物分类时，小刚将玉米、向日葵、油松归为一类，将肾蕨、葫芦藓、水绵归为另一类，他的分类依据是____
A:是否有根
B:是否有茎和叶
C:能否产生种子
D:能否形成果实",C,"1. 首先，我们需要分析选项。选项A，假设小刚是通过是否有根来进行分类，玉米、向日葵、油松、肾蕨有根，而葫芦藓和水绵没有根，不符合题意。选项B，假设小刚是通过是否有茎和叶来进行分类，玉米、向日葵、油松、肾蕨、葫芦藓有茎和叶，而水绵没有茎和叶的分化，不符合题意。选项D，假设小刚是通过能否形成果实来进行分类，玉米属于被子植物，能产生果实；而向日葵和油松属于裸子植物，不能产生果实，肾蕨、葫芦藓、水绵也不能产生果实，不符合题意。
2. 最后，选项C描述的是植物是否能够产生种子，假设小刚是通过是否能产生种子来进行分类，玉米、向日葵、油松属于种子植物，都能产生种子。而肾蕨、葫芦藓、水绵都不能产生种子，用孢子繁殖后代，都属于孢子植物。选项C符合题意。",,,,,,,,,,,,,,,,,,,,,,,,,,,,,,,,,,,
8,理工科学：初中生物,"下列关于病毒的说法，不正确的是____
A:病毒没有细胞结构，不能独立生活
B:病毒个体很小，要用电子显微镜才能观察得到
C:某些病毒可以携带某些基因进入正常细胞，来达到转基因或基因治疗的目的
D:病毒一旦侵入人体，就会使人患病",D,"1. 首先，病毒是一种非细胞生物，没有细胞结构，不能独立生活，必须寄生在宿主细胞内才能进行生命活动。并且，病毒个体很小，一般需要用电子显微镜才能观察得到。某些病毒可以携带某些基因进入正常细胞，来达到转基因或基因治疗的目的。
2. 其次，我们需要了解病毒与人体的关系。病毒一旦侵入人体，不一定会使人患病，因为人体有免疫系统可以抵御病毒的侵袭。只有当病毒攻击人体免疫系统，或者病毒数量过多，超过人体免疫系统的承受能力时，才会导致人患病。因此，不正确的说法是D。",,,,,,,,,,,,,,,,,,,,,,,,,,,,,,,,,,,
9,其他科学：体育学,"运动员所具备的竞技能力在比赛中的表现称为____
A:竞技水平
B:竞技状态
C:运动能力
D:训练水平",A,"1. 首先，我们需要了解竞技能力的概念。竞技能力是指运动员在比赛中所具备的技术、体能、心理素质等方面的能力，是运动员在比赛中获胜的关键因素。
2. 其次，我们分析选项：(A) 竞技水平，是运动员竞技能力的表现形式，符合题目描述；(B) 竞技状态，是指运动员在比赛中的心理状态和身体状态，是竞技能力的表现之一，但不是竞技能力本身；(C) 运动能力，是指运动员在某一项运动中所具备的能力；(D) 训练水平，是指运动员在训练中所达到的竞技能力的水平，是竞技水平的基础，但不是竞技能力本身。
3. 最后，根据以上分析，我们可以得出答案：运动员所具备的竞技能力在比赛中的表现称为竞技水平。",,,,,,,,,,,,,,,,,,,,,,,,,,,,,,,,,,,
10,其他科学：体育学,"静脉输入0.9%NaCl溶液可使____
A:血浆渗透压下降
B:红细胞体积变大
C:红细胞体积变小
D:红细胞体积不变",D,"1. 首先，了解0.9%NaCl溶液的渗透压，它与人体血浆渗透压相等，因此在输液时可以维持血容量和血压稳定。
2. 其次，了解静脉输入0.9%NaCl溶液对红细胞的影响。由于0.9%NaCl溶液的渗透压与血浆渗透压相等，因此输液不会改变血浆渗透压，也就不会对红细胞产生渗透压的影响，红细胞的体积也不会发生变化。
3. 最后，根据以上分析，静脉输入0.9%NaCl溶液不会使红细胞体积变大或变小，也不会使血浆渗透压下降，因此正确答案为D。",,,,,,,,,,,,,,,,,,,,,,,,,,,,,,,,,,,
11,其他科学：注册城乡规划师,"根据自然资源部《关于以“多规合一”为基础推进规划用地“多审合一、多证合一”改革的通知》，建设项目用地预审与选址意见书有效期为____年，自批准之日起计算。
A:1
B:2
C:3
D:5",C,1. 根据《关于以“多规合一”为基础推进规划用地“多审合一、多证合一”改革的通知》，使用已经依法批准的建设用地进行建设的项目，不再办理用地预审：需要办理规划选址的，由地方自然资源主管部门对规划选址情况进行审查，核发建设项目用地预审与选址意见书。建设项目用地预审与选址意见书有效期为3年，自批准之日起计算。,,,,,,,,,,,,,,,,,,,,,,,,,,,,,,,,,,,
12,其他科学：注册城乡规划师,"对于一个完善的城镇体系，下列哪些项的表述是错误的____
A:每个城镇体系相应有一个中心城市
B:在城镇体系中，小城镇的数量多于规模大的城市的数量
C:城镇体系的城镇空间分布是有序的
D:城镇体系的空间范围应与行政区划保持一致",B,1. 城镇体系中规模大的城市数量应该多于小城镇的数量，这是城镇体系的一个基本特征。,,,,,,,,,,,,,,,,,,,,,,,,,,,,,,,,,,,
13,社会科学：初中政治,"当前，虽然地区冲突、霸权主义、孤立主义搅动着世界，令世界忧心，但是世界的主流依然未变，中国愿同国际社会各方一道，倡导共同、综合、合作、可持续的安全观。假如你是外交部发言人，以下可以代表中方立场和观点的是____

①当今时代的主题是和平与发展
②中国为建设合作共赢的新型国际关系而不懈努力
③中国国际地位不断提高，成为世界发展的主导力量
④当今世界，人们越来越致力于以和平谈判代替武力解决争端
A:①②③
B:②③④
C:①③④
D:①②④",D,"1. 首先，我们可以看出中国倡导安全观，与选项中的“合作共赢的新型国际关系”和“以和平谈判代替武力解决争端”相符。
2. 接着，选项中的“中国国际地位不断提高，成为世界发展的主导力量”并不符合中方观点。中国国际地位不断提高，是世界发展的重要力量。
3. 综上所述，符合中国外交政策的选项为①②④。",,,,,,,,,,,,,,,,,,,,,,,,,,,,,,,,,,,
14,社会科学：初中政治,"下列名句能够体现社会主义核心价值观基本内容之一“爱国”的是____
A:天下兴亡匹夫有责
B:以信立身以诚处世
C:己所不欲勿施于人
D:善学者能多能者成",A,"1. 首先，我们需要分析选项。选项A中的“天下兴亡匹夫有责”的意思是：国家的兴盛或衰亡,每个普通人都有一份责任。这句话体现了爱国主义精神。
2. 其他选项中，选项B中的“以信立身以诚处世”体现了诚信和诚实的价值观；选项C中的“己所不欲勿施于人”体现了尊重和关爱他人的价值观；选项D中的“善学者能多能者成”体现了勤奋和进取的价值观。",,,,,,,,,,,,,,,,,,,,,,,,,,,,,,,,,,,
15,社会科学：工商管理,"有一项年金，前3年无流入，后5年每年年初流入500万元，假设年利率为10%，(P/A，10%，5)=3.7908，(P/S，10%，3)=0.7513，(P/S，10%，2)=0.8264，其现值为____万元。
A:1994
B:1566
C:1813
D:1523",B,"1. 首先，需要了解递延年金递延期的计算。如果是发生在第W期期末，则递延期为W－1。本题中第一次现金流入发生在第4年初(与第3年末是同一时点)，所以递延期是2年。
2. 接着，递延年金现值$P=A\times (P/A,i,n)\times (P/S,i,m)$，其中，A为年金，i为利率，m指的是递延期，n指的是连续收支期。
3. 最后，带入题目中的条件进行计算。现值$P=500\times(P/A，10\%，5)\times(P/S，10\%，2)=500\times 3.7908\times  0.8264=1566.36$。",,,,,,,,,,,,,,,,,,,,,,,,,,,,,,,,,,,
16,社会科学：工商管理,"企业缴纳的耕地占用税，应在____科目核算。
A:应交税费
B:管理费用
C:在建工程
D:其他应付款",C,"1. 首先，耕地占用税是对占用耕地建房或从事其他非农业建设的单位和个人征收的税
2. 接着，根据会计准则，企业的耕地占用税，应在“在建工程”科目核算。",,,,,,,,,,,,,,,,,,,,,,,,,,,,,,,,,,,
17,社会科学：教育学,"根据我国心理学家冯忠良教授的学习分类，培养学生品德要通过____。
A:知识的学习
B:技能的学习
C:行为规范的学习
D:态度的学习",C,"1. 首先，了解冯忠良教授的学习分类，他将学习分为知识的学习、技能的学习、行为规范的学习三类。
2. 其次，行为规范的学习，行为规范是指学生应该遵守的行为准则和规范，如尊重他人、诚实守信等，这些规范可以直接引导学生形成正确的行为习惯和价值观念，从而培养学生的品德。",,,,,,,,,,,,,,,,,,,,,,,,,,,,,,,,,,,
18,社会科学：教育学,"开设跨学科课程或建立跨学科专业体现了高等教育课程发展的____。
A:综合化趋势
B:多样化趋势
C:人文化趋势
D:科学化趋势",A,1. 跨学科课程或跨学科专业是指将不同学科领域的知识和技能有机地结合起来，形成新的课程或专业，以满足现代社会对综合性、交叉性人才的需求，体现了多学科知识的综合化。,,,,,,,,,,,,,,,,,,,,,,,,,,,,,,,,,,,
19,理工科学：高等数学,"求极限：$\lim_{x\rightarrow0}\frac{\tan\left(\tan x\right)-\sin\left(\sin x\right)}{\tan x-\sin x}=$____
A:-1
B:0
C:2
D:$\frac{1}{2}$",C,"1. 首先，观察表达式，对上述表达式进行拆分，$L=\lim_{x\rightarrow0}\frac{\tan\left(\tan x\right)-\sin\left(\sin x\right)}{\tan x-\sin x}=\lim_{x\rightarrow0}\frac{\tan\left(\tan x\right)-\tan\left(\sin x\right)}{\tan x-\sin x}+\lim_{x\rightarrow0}\frac{\tan\left(\sin x\right)-\sin\left(\sin x\right)}{\tan x-\sin x}=L_1+L_2$
2. 其次，计算$L_1$。有命题：设$F(x)$在$x=0$的邻域内可导，且$\lim_{x\rightarrow 0}F'(x)=A$；又设$\lim_{x\rightarrow 0}f(x)=\lim_{x\rightarrow 0}g(x)=0$，且对$0<\left|x\right|<\delta$有$f(x)\neq g(x)$成立，则：$\lim_{x\rightarrow 0}\frac{F\left[f(x)\right]-F(g(x))}{f(x)-g(x)}=A$。对于$L_1$，令$F(x)=\tan x$，$f(x)=\tan x$，$g(x)=\sin x$，$F'(x)=\sec^2 x$，$\lim_{x\rightarrow 0}F'(x)=\sec^20=1$。于是有$L_1=\lim_{x\rightarrow 0}F'(x)=1$。
3. 接着，计算$L_2$。有命题：设$\lim _{x\rightarrow 0}\frac{F(x)}{x}=1$，函数$f(x)$，$h(x)$在$x=0$的邻域附近解析，$h(x)\not\equiv 0 $，则：$\lim_{x\rightarrow 0}\frac{f[F(x)]}{h(x)}=\lim_{x\rightarrow 0}\frac{f(x)}{h(x)}$。对于$L_2$，令$F(x)=\sin x $，$f(x)=\tan x $，$g(x)=\sin x$，$h(x)=\tan x-\sin x$，且$\lim_{x\rightarrow 0}\frac{F\left(x\right)}{x}=\lim_{x\rightarrow 0}\frac{\sin x}{x}=1$，则有$L_2=\lim_{x\rightarrow 0}\frac{f[F(x)]-g[F(x)]}{h(x)}=\lim_{x\rightarrow 0} \frac{\tan x-\sin x}{\tan x-\sin x}=1$。
4. 最后，$L=L_1+L_2=1+1=2$。",,,,,,,,,,,,,,,,,,,,,,,,,,,,,,,,,,,
20,理工科学：高等数学,"求极限：$\lim_{n\rightarrow\infty}\left(1-\frac{1}{1+2}\right)\left(1-\frac{1}{1+2+3}\right)\cdots\left(1-\frac{1}{1+2+\cdots+n}\right)=$____
A:$\frac{2}{3}$
B:$\frac{1}{2}$
C:$\frac{5}{6}$
D:$\frac{1}{3}$",D,"1. 首先，利用等差数列求和公式分析题目中表达式的第n项，可以发现：$1-\frac{1}{1+2+\cdots+n}=1-\frac{1}{\frac{n(n+1)}{2}}=\frac{(n-1)(n+2)}{n(n+1)}$，其中$n\ge 2$。
2. 其次，将第1步中的表达式代入原式，有$L=\lim_{n\rightarrow\infty}\left(1-\frac{1}{1+2}\right)\cdots\left(1-\frac{1}{1+2+\cdots+n}\right)=\lim_{n\rightarrow \infty}\frac{1\cdot4}{2\cdot 3}\cdot\frac{2\cdot5}{3\cdot 4}\cdot\frac{3\cdot6}{4\cdot 5}\cdots\frac{(n-3)n}{(n-2)(n-1)}\cdot\frac{(n-2)(n+1)}{(n-1)n}\cdot\frac{(n-1)\cdot(n+2)}{n(n+1)}$。
3. 最后，可以发现第2步中不同项之间的分子和分母存在重叠，化简后可以得到$L=\lim_{n\rightarrow \infty }\frac{1}{3}\cdot \frac{n+2}{n}=\frac{1}{3}\lim_{n\rightarrow\infty}\frac{1+\frac{2}{n}}{1}=\frac{1}{3}$，所以极限值为$\frac{1}{3}$。",,,,,,,,,,,,,,,,,,,,,,,,,,,,,,,,,,,
21,理工科学：高中化学,"可用来分离Fe^{3+}和Al^{3+}两种离子的试剂是____
A:盐酸
B:氢氧化钠溶液
C:氨水
D:硫氰化钾溶液",B,"1. 我们需要分析Fe^{3+}和Al^{3+}两种离子在不同试剂中的反应特点。
2. Fe^{3+}和Al^{3+}均不与盐酸反应，无法实现分离，A选项错误；
3. Fe^{3+}与氢氧化钠反应会生成不溶于水的Fe(OH)_3沉淀，而Al^{3+}会先生成Al(OH)_3沉淀，再进一步生成溶于水的偏铝酸钠，因此可以实现分离，B选项正确；
4. Fe^{3+}和Al^{3+}在氨水中都会形成沉淀，无法实现分离，C选项错误；
5. Fe^{3+}与硫氰化钾反应形成络合物，无法实现与Al^{3+}的分离，D选项错误。",,,,,,,,,,,,,,,,,,,,,,,,,,,,,,,,,,,
22,理工科学：高中化学,"25 ℃时，将pH=2的强酸溶液与pH=13的强碱溶液混合，所得混合液的pH=11，则强酸溶液与强碱溶液的体积比是(忽略混合后溶液的体积变化)____
A:$11:1$
B:$9:1$
C:$1:11$
D:$1:9$",B,"1. pH=13的强碱溶液中c(OH-)=0.1mol/L，pH=2的强酸溶液中c(H+)=0.01mol/L，酸碱混合后pH=11，即c(OH-)=0.001mol/L。
2. 设强酸和强碱溶液的体积分别为x和y，则:c(OH-)=(0.1y-0.01x)/(x+y)=0.001，解得x:y=9:1。",,,,,,,,,,,,,,,,,,,,,,,,,,,,,,,,,,,
23,其他科学：公务员,"透过车轮卷起的黄土，却见山野人秋，庄稼割过，静谧中含着一些寂静，只有阳光在切割过的根茬上烁烁闪亮。____。 填入横线上最恰当的是____。
A:这是一段颠簸的行程，一路上景色苍凉雄浑，寂静中裸露着贫瘠
B:也许是久旱的缘故，这边的溪流也变成了涓涓细流，在盘踞的石缝间流动
C:同绿色的南方相比，这里是荒凉的，乃至荒蛮
D:偶见人迹，大都是荒村野店。时而会有一座小小的孤庙一闪而过",D,"1. 题干中的环境描述给人一种丰收的田园风光的感觉，同时也有一些寂静的气息。此外，由“透过车轮卷起的黄土”可知，作者是在疾驰的车里看外面的景色。
2. 选项A的”苍凉雄浑“”贫瘠“和选项C的”荒凉“”荒蛮“与题干中丰收的田园风光不符，因此排除。选项B描述的溪流与题干内容没有联系，因此也排除。选项D描述的”偶见人迹“与题干中的寂静的气息相符，同时“一闪而过”与题干中体现的车辆疾驰对应，因此是最恰当的选项。",,,,,,,,,,,,,,,,,,,,,,,,,,,,,,,,,,,
24,其他科学：公务员,"据说，在东南沿海一带，渔民在捕到螃蟹后，将螃蟹放进一个上小肚大的竹篓里面，第一只螃蟹放进去时，渔夫就用重物将口封住，当第二只、第三只放进去后，渔夫就不再盖重物了，因为，第一只即将爬出篓口的螃蟹，会被第二只、第三只螃蟹拉到篓底。如此下去，即使篓口没有盖盖子，但也没有一只蟹能够爬出去。 这个故事意在告诉我们____。
A:人多不一定好办事
B:恶性竞争必然导致两败俱伤
C:内讧必然内耗，团结就是力量
D:与人方便，自己方便",C,"1. 首先，我们需要分析故事的内容。螃蟹之间的恶性竞争导致了它们无法逃脱渔夫的捕捞。如果它们能够团结一致，互相帮助，或许就能够逃脱。
2. 分析题目选项，四个选项中明确提到“团结”的只有C项。",,,,,,,,,,,,,,,,,,,,,,,,,,,,,,,,,,,
25,人类科学：高中历史,"北宋前期，统治者认为：""富者田连阡陌，为国家守财尔""，采取""不抑兼并""的土地政策。这导致北宋____
A:自然经济逐渐解体
B:自耕农经济发展受阻
C:重农抑商政策瓦解
D:土地所有制发生质变",B,1. 宋朝时期“不抑兼并”的的政策，促进了土地私有制进一步发展，使自耕农经济大量破产。,,,,,,,,,,,,,,,,,,,,,,,,,,,,,,,,,,,
26,人类科学：高中历史,"杜鲁门称,杜鲁门主义和马歇尔计划是“一个胡桃的两半”。下列理解不正确的是____
A:都是美国遏制战略的组成部分
B:都以经济和军事援助为主要形式
C:都着眼于反共反苏
D:都为了美国的政治和经济利益",B,1. 杜鲁门主义要以遏制共产主义作为国家意识形态和对外政策的指导思想，不是以经济和军事援助为主要形式。,,,,,,,,,,,,,,,,,,,,,,,,,,,,,,,,,,,
27,人类科学：法律职业资格证,"关于假释的说法，下列哪一选项是正确的?____
A:被判处无期徒刑的罪犯，实际执行13年方可假释，假释考验期为13年
B:死缓犯减刑为无期徒刑的，实际执行25年方可假释；减为25年有期徒刑的，实际执行20年方可假释
C:数罪并罚为无期徒刑的罪犯，也有可能适用假释
D:不得假释的犯罪分子必须限于暴力性犯罪",C,"1. 我们分析选项，假释A项不当选，前半句正确，《刑法》第81条规定，被判处无期徒刑的犯罪分子，实际执行13年以上可以假释，后半句错误，《刑法》第83条第1款规定，无期徒刑的假释考验期限为10年。
2. B项不当选，死缓犯不得直接假释，减为无期徒刑、有期徒刑后可以假释，但是限制减刑的死缓犯不得假释，选项中关于实际执行刑期的限制均为限制减刑死缓犯最少实际执行刑期的规定。
3. C项当选，只要数罪中任一罪未被判处10年有期徒刑以上刑罚，即使并罚超过10年有期徒刑以上刑罚，也可假释。
4. D项不当选，累犯不一定是暴力性犯罪，但是不得假释。",,,,,,,,,,,,,,,,,,,,,,,,,,,,,,,,,,,
28,人类科学：法律职业资格证,"某市甲区某企业经位于乙区的市建委批准在甲区建设一栋3层的厂房。但在施工过程中，擅自加至5层。市建委以其违法建房为由要求将整栋楼全部拆除。该企业不服向位于丙区的市政府申请复议，市政府经复议后决定责令该企业将超层部分拆除。对此，下列哪些说法正确?____
A:若该企业不服起诉的，应当向该市中级人民法院起诉
B:若该企业不服起诉的，可以向该市乙区人民法院起诉
C:若该企业不起诉，又不拆除超层部分的，该市建委可以申请甲区人民法院强制执行
D:若该企业不起诉，又不拆除超层部分的，该市人民政府可以申请丙区人民法院强制执行",A,"1. 我们分析选项，行政诉讼的管辖法院、申请执行行政行为的管辖法院市政府作为复议机关改变了原行为，故应当以市政府作为被告起诉。市政府充当被告的情形下，受理该诉讼的法院必须是中级人民法院，故选项B错误。
2. 本题中的行政行为是拆除房屋，针对的是不动产，故应当由不动产所在地(即甲区)的法院管辖。综合而言，若起诉，本案应由“甲区的中级法院”即市中级人民法院管辖(甲区本身不存在中级法院，负责甲区的中级法院应当是市中级人民法院)。故选项A说法正确。 
3. 在复议机关变更原行政行为的情形，若需要申请法院强制执行，必须由复议机关申请，故选项C错误。
4. 行政机关申请法院强制执行行政行为的，应当由基层人民法院管辖(这是级别管辖规则)，执行对象是不动产的，由不动产所在地法院管辖(这是地域管辖规则)。因此，本题若申请法院强制执行，应当由市政府向甲区人民法院申请。故选项D也是错误的。",,,,,,,,,,,,,,,,,,,,,,,,,,,,,,,,,,,
29,其他科学：注册会计师,"甲公司是国内一家上市公司。甲公司对其各子公司实行全面预算管理，并通常使用增量预算方式进行战略控制，子公司预算需要经甲公司预算管理委员会批准后执行。2015年10月，甲公司投资了一个新的项目乙(子公司)。2015年11月，甲公司启动2016年度预算编制工作，此时甲公司应要求乙公司编制____。
A:增量预算
B:零基预算
C:固定预算
D:弹性预算",B,1. 乙公司属于甲公司全新的子公司，在启动2016年度预算编制工作时没有可以参考的基数，预算编制者必须根据自己的经验和判断，加上对周围环境变化的预期来做预算。因此，乙公司应编制零基预算。,,,,,,,,,,,,,,,,,,,,,,,,,,,,,,,,,,,
30,其他科学：注册会计师,"债务人转让全部合同义务的，下列说法不正确的是____。
A:须债权人同意方可进行
B:新债务人可主张原债务人对债权人的抗辩
C:债务人转移债务的，原债务人对债权人享有债权的，新债务人可以向债权人主张抵销
D:非专属于原债务人自身的从债务，一并转让给新债务人",C,"1. 首先，债务人将债务的全部或者部分转移给第三人的，应当经债权人同意，因此选项A正确。
2. 其次，债务人转移债务的，新债务人可以主张原债务人对债权人的抗辩；原债务人对债权入享有债权的，新债务人不得向债权人主张抵销，因此选项B正确，选项C错误。
3. 然后，债务人转移债务的，新债务人应当承担与主债务有关的从债务，但是该从债务专属于原债务人自身的除外，因此选项D正确。",,,,,,,,,,,,,,,,,,,,,,,,,,,,,,,,,,,
31,人类科学：法学,"甲路过某自行车修理店，见有一辆名牌电动自行车(价值1万元)停在门口，欲据为己有。甲见店内货架上无自行车锁，便谎称要购买，催促店主去50米之外的库房拿货。店主临走时对甲说：“我去拿锁，你帮我看一下店。”在店主进入仓库后，甲便骑走电动自行车。甲的行为构成____。
A:诈骗罪
B:盗窃罪
C:侵占罪
D:职务侵占罪",B,"1. 分析选项：构成诈骗罪的一个重要因素是，被害人自愿交付财物，但店主没有将自行车交付给甲，因此排除诈骗罪；甲对于自行车不存在代为管理关系，因此排除侵占罪；甲对店内财物没有管理职能，因此排除职务侵占罪。
2. 通过对案情的分析及排除法，可知甲的行为构成盗窃罪。",,,,,,,,,,,,,,,,,,,,,,,,,,,,,,,,,,,
32,人类科学：法学,"下列选项中，属于民事法律关系的是____。
A:甲男与乙女之间的恋人关系
B:甲公司与乙公司之间的技术转让关系
C:甲公司与其分支机构之间的业务指导关系
D:甲教育局与乙中学之间的管理关系",B,"1. 民事法律关系，是指由民事法律规范所确立的以民事权利和民事义务为主要内容的法律关系。
2. A项为恋人关系，不属于民法调整的范围；C项业务指导关系中主体地位并不平等，没有互担权利义务，不属于民事法律关系；D项主体地位是一方隶属于另一方，不属于民事法律关系。
3. B项中的技术转让合同是一种合同关系，相互确立了对方享有的权利和承担的义务，双方主体地位平等，权利义务对等，故是一种民事法律关系。",,,,,,,,,,,,,,,,,,,,,,,,,,,,,,,,,,,
33,理工科学：高中数学,"已知函数$f(x)=\sin(\omega x-\frac{\pi}{6})(\omega>0).$若f(x)在$\left(0,\frac{\pi}{2}\right)$上有且仅有三个极值点，则不正确的有____
A:f(x)在区间$[0, \frac{\pi}{4}]$上的最小值可以等于$-\frac{1}{2}$
B:若$f(x)$的图像关于点$\left(\frac{\pi}{3},0\right)$对称，则$f(x)$在区间$\left(0,\frac{\pi}{12}\right)$上单调递增
C:$f(x)$的最小正周期可能为$\frac{\pi}{3}$
D:若$f\left(0\right)+f\left(\frac{\pi}{2}\right)=0$，将$ g(x)=\sin{2x}$的图象向右平移$\frac{\pi}{12}$个单位可得到$y=f\left(\frac{x}{3}\right)$的图象",A,"1. 根据极值点个数限制，可得$\frac{\pi}{2}\omega-\frac{\pi}{6} \in \left(\frac{5\pi}{2}, \frac{7\pi}{2}\right)$，解得$\omega \in \left(\frac{16}{3}, \frac{22}{3}\right)$。
2. 若A选项成立，则可得$\frac{\pi}{4}\omega - \frac{\pi}{6} \leq \frac{7\pi}{6}$，解得$\omega \leq \frac{16}{3}$，与1中范围矛盾。",,,,,,,,,,,,,,,,,,,,,,,,,,,,,,,,,,,
34,理工科学：高中数学,"二项式$(\sqrt[3]{3}+x)^{12}$的展开式中，系数为有理数的项的个数为____
A:6
B:5
C:4
D:3",B,"1. 该二项式展开的通项为$T_{r+1}=C^r_{12}3^{4-r/3}x^r$。
2. 若要通项系数为有理数，则需$3^{r/3}$为有理数，即$r$被3整除。0到12中符合要求的$r$共5项。",,,,,,,,,,,,,,,,,,,,,,,,,,,,,,,,,,,
35,人类科学：近代史纲要,"1956年毛泽东发表的《论十大关系》是以毛泽东为主要代表的中国共产党人开始探索中国特色的社会主义建设道路的标志，报告概括提出了十大关系。这十大关系围绕的基本方针是____
A:要把国内外一切积极因素调动起来，为社会主义事业服务
B:向外国学习
C:统筹兼顾，适当安排
D:正确处理沿海工业和内地工业的关系",A,1. 十大关系围绕一个基本方针，即调动国内外一切积极因素，为社会主义服务。,,,,,,,,,,,,,,,,,,,,,,,,,,,,,,,,,,,
36,人类科学：近代史纲要,"19世纪60年代后，洋务派兴办洋务事业的指导思想是____
A:师夷长技以制夷
B:中学为体，西学为用
C:“自强”“求富”
D:物竞天择，适者生存",B,1. 中学为体，西学为用，是洋务派的指导思想，主张将中国传统文化和西方现代文化相结合，以实现现代化。,,,,,,,,,,,,,,,,,,,,,,,,,,,,,,,,,,,
37,人类科学：思想道德修养与法律基础,"贯穿中国历史发展的一条主线是____
A:团结统一
B:爱好和平
C:爱国主义
D:自强不息",C,1. 贯穿中国历史发展的一条主线是爱国主义，它是中国人民的共同情感和价值观念，是中国历史发展的重要动力和精神支柱。,,,,,,,,,,,,,,,,,,,,,,,,,,,,,,,,,,,
38,人类科学：思想道德修养与法律基础,"构成爱情的三个基本要素是____
A:性爱、理想和经济基础
B:爱、理想和社会地位
C:性爱、理想和责任
D:性爱、理想和道德",C,1. 构成爱情的三个基本要素是性爱、理想和责任。,,,,,,,,,,,,,,,,,,,,,,,,,,,,,,,,,,,
39,其他科学：注册消防工程师,"干式和预作用的气压试验压力为____MPa。
A:0.1
B:0.2
C:0.25
D:0.28",D,1. 干式和预作用的气压试验压力为0.28MPa，且稳压24h，压力降不大于0.01MPa。,,,,,,,,,,,,,,,,,,,,,,,,,,,,,,,,,,,
40,其他科学：注册消防工程师,"根据《汽车库、修车库、停车场设计防火规范》(GB 50067—1997)，停车数量大于50辆小于等于150辆或总建筑面积大于2000m^2小于等于5000m^2的汽车库为____。
A:Ⅰ类汽车库
B:Ⅲ类汽车库
C:Ⅱ类汽车库
D:Ⅳ类汽车库",B,1. 停车数量大于50辆小于等于150辆或总建筑面积大于2000m2小于等于5000m2的汽车库为Ⅲ类汽车库。,,,,,,,,,,,,,,,,,,,,,,,,,,,,,,,,,,,
41,理工科学：操作系统,"Unix的推测文件的类型的命令是____。
A:file
B:diff
C:ls –l
D:type",A,1. “推测文件的类型”可以理解为查看文件的格式或类型，Unix提供了一个命令来实现这个功能，即file命令。,,,,,,,,,,,,,,,,,,,,,,,,,,,,,,,,,,,
42,理工科学：操作系统,"用户编写的C程序中的自动变量位于进程映像的____部分。
A:数据段
B:用户栈
C:正文段
D:堆段",B,"1. 进程映像是指进程在内存中的映像，包括正文段、数据段、堆段和用户栈。正文段存放程序的机器指令，数据段存放全局变量和静态变量，堆段存放动态分配的内存，用户栈存放函数调用时的局部变量和函数参数。
2. 自动变量是在函数调用时创建的，因此它们存储在用户栈中。",,,,,,,,,,,,,,,,,,,,,,,,,,,,,,,,,,,
43,理工科学：高中物理,"一个物体放在斜面上保持静止，该物体共受几个力的作用____
A:4个
B:3个
C:2个
D:1个",B,1. 物体受到重力、支持力的作用，同时因为静止因此必然还受到静摩擦力的作用。,,,,,,,,,,,,,,,,,,,,,,,,,,,,,,,,,,,
44,理工科学：高中物理,"A、B 两物体的动量之比为 2:1，动能的大小之比为 1:3，则它们的质量之比为____
A:$2:1$
B:$1:3$
C:$2:3$
D:$12:1$",D,"1. 物体动量$p=mv$，动能$E_k=\frac{1}{2}mv^2$，因此动量与动能之间满足$m=\frac{p^2}{2E_k}$。
2. 因此，A、B质量之比$\frac{m_A}{m_B} = \frac{\frac{p_A^2}{2E_{kA}}}{\frac{p_B^2}{2E_{kB}}} = (\frac{p_A}{p_B})^2 \times \frac{E_{kB}}{E_{kA}} = \frac{12}{1}$",,,,,,,,,,,,,,,,,,,,,,,,,,,,,,,,,,,
45,人类科学：导游资格,"按照汉族的传统习俗，每年春节期间举行“辞岁”活动在____。
A:腊月二十三
B:除夕上午
C:腊月二十四
D:除夕下午",D,1. 按照汉族的传统习俗，每年春节期间举行的“辞岁”活动在除夕下午。,,,,,,,,,,,,,,,,,,,,,,,,,,,,,,,,,,,
46,人类科学：导游资格,"战国时期的帛画____是目前可以看到的最早的古代绘画实物。
A:《步辇图》
B:《送子天王图》
C:《游春图》
D:《龙凤人物图》",D,1. 我们分析选项：(A) 《步辇图》出自唐朝时期；(B) 《送子天王图》出自唐朝时期；(C) 《游春图》出自隋朝；(D)  《龙凤人物图》是战国时期的一幅帛画。,,,,,,,,,,,,,,,,,,,,,,,,,,,,,,,,,,,
47,理工科学：大学物理,"有一劲度系数为k的轻弹簧，竖直放置，下端悬一质量为m的小球，开始时使弹簧为原长而小球恰好与地接触，今将弹簧上端缓慢地提起，直到小球刚能脱离地面为止，在此过程中外力作功为____
A:m^2g^2/(4k)
B:m^2g^2/(3k)
C:m^2g^2/(2k)
D:2m^2g^2/k",C,"1. 当小球刚好脱离地面时，弹簧的弹力与小球所受重力相等，即$kx = mg$，其中x表示弹簧的伸长量。
2. 由上述方程可得，$x = mg/k$。
3. 外力作功等于弹簧势能的增加，即$W = \frac{1}{2}kx^2 - 0$（因为开始时弹簧为原长，势能为0）。
4. 将第2步中得到的x代入第3步的公式，得到$W = \frac{1}{2}k(mg/k)^2 = m^2g^2/(2k)$。",,,,,,,,,,,,,,,,,,,,,,,,,,,,,,,,,,,
48,理工科学：大学物理,"某质点作直线运动的运动学方程为 x=3t-5t^3 +6(SI)，则该质点作____
A:匀加速直线运动，加速度沿x轴正方向
B:匀加速直线运动，加速度沿x轴负方向
C:变加速直线运动，加速度沿x轴正方向
D:变加速直线运动，加速度沿x轴负方向",D,"1. 首先，我们需要求出速度和加速度。速度是位置关于时间的导数，加速度是速度关于时间的导数。对运动学方程求导，得到速度方程v = dx/dt = 3 - 15t^2，再求导得到加速度方程a = dv/dt = -30t。
2. 接着，我们分析加速度方程a = -30t，这说明加速度随时间变化，且沿x轴负方向。
3. 根据以上分析可知，质点作变加速直线运动，加速度沿x轴负方向。",,,,,,,,,,,,,,,,,,,,,,,,,,,,,,,,,,,
49,社会科学：毛泽东思想与中国特色社会主义理论体系概论,"中共十八届三中全会通过的《中共中央关于全面深化改革若干重大问题的决定》指出，深化政治体制改革要紧紧围绕____
A:提高科学执政、民主执政、依法执政水平进行
B:坚持党的领导、人民当家作主、依法治国有机统一进行
C:推进社会主义民主政治制度化、规范化、程序化进行
D:建设社会主义法治国家进行",B,1. 深化政治体制改革要紧紧围绕坚持党的领导、人民当家作主、依法治国有机统一进行，加快推进社会主义民主政治制度化、规范化、程序化，建设社会主义法治国家，发展更加广泛、更加充分、更加健全的人民民主，B正确。2. 深化党的建设制度改革要紧紧围绕提高科学执政、民主执政、依法执政水平进行，A错误。,,,,,,,,,,,,,,,,,,,,,,,,,,,,,,,,,,,
50,社会科学：毛泽东思想与中国特色社会主义理论体系概论,"中共十八届三中全会通过的《中共中央关于全面深化改革若干重大问题的决定》指出，深化社会体制改革要紧紧围绕____
A:推进基本公共服务均等化
B:改革收入分配制度，促进共同富裕
C:更好保障和改善民生、促进社会公平正义
D:推进社会领域制度创新",C,1. 党的十八届三中全会对深化社会体制改革提出了新的要求：紧紧围绕更好保障和改善民生、促进社会公平正义，深化社会体制改革，改革收入分配制度，促进共同富裕。推进社会领域制度创新，推进基本公共服务均等化，加快形成科学有效的社会治理体制，确保社会既充满活力又和谐有序。C正确，A、B、D不符合题意。,,,,,,,,,,,,,,,,,,,,,,,,,,,,,,,,,,,
51,理工科学：注册计量师,"检定具有法制性，其对象是____范围内的测量仪器。
A:全国
B:企业
C:法制管理
D:所有",C,1. 检定具有法制性，其对象是法制管理范围内的测量仪器。,,,,,,,,,,,,,,,,,,,,,,,,,,,,,,,,,,,
52,理工科学：注册计量师,"在比对工作中，参考值的确定方法有多种，由主导实验室提出经专家组评审并征得____同意后确定。
A:同行专家
B:参加实验室
C:比对组织者
D:主导实验室的领导",B,1. 参考值的确定方法由主导实验室提出并征得参比实验室同意后确定。,,,,,,,,,,,,,,,,,,,,,,,,,,,,,,,,,,,
53,理工科学：初中数学,"若点A（ $x_1$，-3 ），B（ $x_2$，-2 ），C（ $x_3$，1）在反比例函数 $y=-\dfrac{k^{2}+1}{x}$的图象上，则$x_1$ ，$x_2$ ，$x_3$ 的大小关系是为____
A:$x_{1}<x_{2}<x_{3}$
B:$x_{3}<x_{1}<x_{2}$
C:$x_{2}<x_{1}<x_{3}$
D:$x_{3}<x_{2}<x_{1}$",B,"1. 首先，对于反比例函数 $y=-\frac{k^{2}+1}{x}$，有$-(k^2+1)<0$。因此，图象分别位于第二、四象限，每一个象限内，从左往右，y随x的增大而增大。
2. 其次我们观察点A、B、C的y坐标，发现A的y坐标为-3，B的y坐标为-2，C的y坐标为1。根据反比例函数的性质，我们可以得出：A，B位于第四象限，且$x_2>x_1>0$；C位于第二象限，则$x_3<0$。
3. 最后，我们将第2步的结论整理：$x_{3}<x_{1}<x_{2}$。",,,,,,,,,,,,,,,,,,,,,,,,,,,,,,,,,,,
54,理工科学：初中数学,"已知点P（-1，4）在反比例函数$y=\frac{k}{x}$ (k≠0)的图象上，则k的值是____
A:$-\frac{1}{4}$
B:$\frac{1}{4}$
C:$4$
D:$-4$",D,"1. 首先，我们需要知道反比例函数的形式：$y=\frac{k}{x}$，其中k是常数，x和y是变量。
2. 其次，题目给出点P（-1，4）在反比例函数的图象上，代入反比例函数中，得到$4=\frac{k}{-1}$。
3. 接着，得到$k=-4$。",,,,,,,,,,,,,,,,,,,,,,,,,,,,,,,,,,,
55,理工科学：初中物理,"一曲《梁祝》哀婉动听，用小提琴或钢琴演奏能呈现不同的特点，你能区分出是钢琴还是小提琴，主要是依据声音的____
A:频率
B:振幅
C:音色
D:节奏",C,"1. 首先，我们需要了解声音的基本特征，包括频率、振幅和音色等。
2. 其次，音色是乐器固有的特点，不同乐器的音色是不同的，因此我们可以通过音色来区分小提琴和钢琴。",,,,,,,,,,,,,,,,,,,,,,,,,,,,,,,,,,,
56,理工科学：初中物理,"第24届冬奥会将于2022年2月4日至20日在北京市和张家口市联合举行。关于冬奥会的部分比赛项目，下列分析正确的是____
A:被推出的冰壶在水平冰面上滑行时受力平衡
B:短道速滑运动员匀速过弯道时运动状态不变
C:滑雪运动员冲过终点后不能立即停下来是因为受到惯性的作用
D:冰球运动员向后蹬冰面就会前进说明物体间力的作用是相互的",D,"1. 首先，我们分析选项：(A) 冰壶在水平冰面上滑行时，受到重力和摩擦力的作用，因此不处于力的平衡状态；(B) 短道速滑运动员在过弯道时，由于速度和方向的改变，其运动状态发生了变化；(C) 滑雪运动员冲过终点后不能立即停下来是因为运动员具有惯性,惯性不是力,不能说受到惯性的作用；(D) 冰球运动员向后蹬冰面，会产生向前的推力，从而前进，这说明物体间力的作用是相互的。
2. 根据以上分析，选项D是正确的。",,,,,,,,,,,,,,,,,,,,,,,,,,,,,,,,,,,
57,其他科学：植物保护,"一个具有液泡的植物成熟细胞，其水势____。
A:$Ψ_w=Ψ_p+Ψ_s+Ψ_m$
B:$Ψ_w=Ψ_p+Ψ_m$
C:$Ψ_w=Ψ_p+Ψ_s$
D:$Ψ_w=Ψ_s+Ψ_m$",C,"1. 首先，我们需要了解水势的定义：水势是衡量物系中的水与同温纯水的化学势差。用以表示一物系中水的能量水平。水势的符号为$Ψ$，单位为Pa或kPa。
2. 其次，我们需要知道液泡的作用：液泡是植物细胞中的一种细胞器官，主要功能是维持细胞内的渗透压和离子平衡，调节细胞的水分和物质代谢。
3. 最后，成熟的植物细胞水势主要受到细胞液渗透势（$Ψ_s$）及细胞压力势（$Ψ_p$）的影响。所以一般说，植物细胞水势等于渗透势与压力势的代数和，即：$Ψ_w=Ψ_p+Ψ_s$。",,,,,,,,,,,,,,,,,,,,,,,,,,,,,,,,,,,
58,其他科学：植物保护,"植物细胞质膜上的已知离子泵主要有质子泵和____。
A:钾泵
B:钙泵
C:锌泵
D:锰泵",B,"1. 首先，植物细胞质膜是细胞内外物质交换的重要通道，它通过离子泵来维持细胞内外离子浓度的平衡。
2. 其次，已知的离子泵主要有质子泵和钙泵。质子泵是细胞膜上最重要的离子泵之一，它能够将细胞内的质子转运到细胞外，维持细胞内外质子浓度的平衡。钙泵则是将细胞内的钙离子转运到细胞外，以维持细胞内低浓度的游离钙离子。
3. 钾泵、锌泵和锰泵并不是已知的植物细胞质膜上的离子泵，因此选项A、C、D都不正确。
4. 因此，答案是B，已知的植物细胞质膜上的离子泵主要有质子泵和钙泵。",,,,,,,,,,,,,,,,,,,,,,,,,,,,,,,,,,,
59,人类科学：艺术学,"王利发是老舍戏剧作品____中的主人公。
A:《茶馆》
B:《龙须沟》
C:《方珍珠》
D:《女店员》",A,1. 王利发是老舍的代表作《茶馆》中的主人公。,,,,,,,,,,,,,,,,,,,,,,,,,,,,,,,,,,,
60,人类科学：艺术学,"《等待戈多》的作者是____。
A:加缪
B:贝克特
C:阿尔比
D:尤奈斯库",B,1. 《等待戈多》是1952年法国剧作家贝克特创作的荒诞派戏剧作品。,,,,,,,,,,,,,,,,,,,,,,,,,,,,,,,,,,,
61,理工科学：概率统计,"设随机变量$(X,Y)$的联合密度函数是:$f(x,y)=\left\{\begin{array}{c}ke^{-x-2y},x>0,y>0\\0,\text{其他}\end{array}\right.$则$P(0\leq X\leq2,0\leq Y\leq1)=$____
A:$\left(1-e^{-4}\right)^{2}$
B:$\left(1-e^{-8}\right)^{2}$
C:$\left(1-e^{-2}\right)^{2}$
D:$\left(1-e^{-6}\right)^{2}$",C,"1. 首先，我们需要找到常数k。为了使f(x, y)成为一个有效的联合密度函数，我们需要满足$\int_{-\infty}^{\infty}\int_{-\infty}^{\infty}f(x,y)dxdy=1$。由于f(x, y)在x>0和y>0的区域内为非零值，我们可以将积分限改为$\int_{0}^{\infty}\int_{0}^{\infty}ke^{-x-2y}dxdy=1$。
2. 计算积分，得到$k\int_{0}^{\infty}\int_{0}^{\infty}e^{-x-2y}dxdy=k\int_{0}^{\infty}(-e^{-x-2y}|_{x=0}^{x=\infty})dy=k\int_{0}^{\infty}e^{-2y}dy=k(-\frac{1}{2}e^{-2y}|_{y=0}^{y=\infty})=k\frac{1}{2}=1$。解得$k=2$。
3. 现在我们已经知道联合密度函数$f(x,y)=\left\{\begin{array}{c}2e^{-x-2y},x>0,y>0\\0,\text{其他}\end{array}\right.$。接下来，我们需要计算$P(0\leq X\leq2,0\leq Y\leq1)$，即在给定范围内的联合密度函数的积分：$P(0\leq X\leq2,0\leq Y\leq1)=\int_{0}^{1}\int_{0}^{2}2e^{-x-2y}dxdy$。
4. 计算积分，得到$P(0\leq X\leq2,0\leq Y\leq1)=\int_{0}^{1}(-e^{-x-2y}|_{x=0}^{x=2})dy=\int_{0}^{1}(e^{-2y}-e^{-2-2y})dy=(-\frac{1}{2}e^{-2y}|_{y=0}^{y=1})+\frac{1}{2}(e^{-2-2y}|_{y=0}^{y=1})=(1-e^{-2})^2$。",,,,,,,,,,,,,,,,,,,,,,,,,,,,,,,,,,,
62,理工科学：概率统计,"设$X\sim N\left(\mu,\sigma^2\right),\sigma$已知,则$\mu$的置信度为0.95的置信区间是____
A:$\left(\bar{X} \pm \frac{\sigma}{\sqrt{n}} u_{0.025}\right)$
B:$\left(\bar{X} \pm \frac{s}{\sqrt{n}} u_{0.025}\right)$
C:$\left(\bar{X} \pm \frac{s}{\sqrt{n}} t_{0.025}(n-1)\right)$
D:$\left(\bar{X} \pm \frac{\sigma}{\sqrt{n}} t_{0.025}(n-1)\right)$",A,"1. 首先，我们需要知道正态分布的均值μ的置信区间计算方法。当总体方差σ2已知时，我们使用Z分数（即标准正态分布的分位数）来计算置信区间；当总体方差σ2未知时，我们使用t分数（即t分布的分位数）来计算置信区间。
2. 题目中给出X服从正态分布$N(\mu,\sigma^2)$，且σ已知，因此我们需要使用Z分数来计算置信区间。置信度为0.95，即两侧的α/2 = 0.025，对应的Z分数为$u_{0.025}$。
3. 根据正态分布均值μ的置信区间计算公式，我们有：$\left(\bar{X} \pm \frac{\sigma}{\sqrt{n}} u_{0.025}\right)$，其中$\bar{X}$表示样本均值，n表示样本容量。",,,,,,,,,,,,,,,,,,,,,,,,,,,,,,,,,,,
63,人类科学：逻辑学,"1991年6月15日，菲律宾吕宋岛上的皮纳图博火山突然大喷发，2000万吨二氧化硫气体冲入平流层，形成的霾像毯子一样盖在地球上空，把部分要照射到地球的阳光反射回太空几年之后，气象学家发现这层霾使得当时地球表面的温度累计下降了0．5℃，而皮纳图博火山喷发前的一个世纪，因人类活动而造成的温室效应已经使地球表面温度升高1℃。某位持“人工气候改造论”的科学家据此认为，可以用火箭弹等方式将二氧化硫充入大气层，阻挡部分阳光，达到地球表面降温的目的。以下哪项如果为真,最能对该科学家的提议构成质疑?____
A:如果利用火箭弹将二氧化硫充入大气层，会导致航空乘客呼吸不适。
B:火山喷发形成的降温效应只是暂时的，经过一段时间温度将再次回升。
C:可以把大气层中的碳取出来存储在地下，减少大气层的碳含量。
D:不论何种方式，“人工气候改造”都将破坏地区的大气层结构。",B,"1. 首先，“人工气候改造论”的目的是令地球表面降温，应当据此反驳。
2. 选项A与选项D描述的是“人工气候改造论”带来的副作用，选项C是另一种方法，与“人工气候改造论”无关，选项B则反驳了地球表面降温是暂时的，最能对该科学家的提议构成质疑。",,,,,,,,,,,,,,,,,,,,,,,,,,,,,,,,,,,
64,人类科学：逻辑学,"某市消费者权益保护条例明确规定，消费者对其所购商品可以“7天内无理由退货”，但这项规定出台后并未得到顺利执行，众多消费者在7天内“无理由”退货时，常常遭遇商家的阻挠，他们以商品已作特价处理、商品已经开封或使用等理由拒绝退货。以下哪项如果为真,最能质疑商家阻挠退货的理由。____
A:开封验货后，如果商品规格、质量等问题来自消费者本人，他们应为此承担责任。
B:那些作特价处理的商品，本来质量就没有保证。
C:如果不开封验货，就不能知道商品是否存在质量问题。
D:商品一旦开封或使用了，即使不存在问题，消费者也可以选择退货。",D,1. 分析消费者权益保护条例规定，消费者在7天内可以无理由退货，没有规定商品必须保持原封未拆或未使用状态。因此，即使商品已经开封或使用，只要在7天内，消费者仍然可以选择退货，因此D选项最能质疑商家阻挠退货的理由。,,,,,,,,,,,,,,,,,,,,,,,,,,,,,,,,,,,
65,人类科学：高中语文,"下列各句中，没有语病的一项是____
A:2019 年，“我太难了”突然成了网红金句，这句话蕴含着那么多的无奈、自嘲与顾影自怜，却又流露出大时代考验下不服输、不放弃的生动脸庞。
B:金庸先生之所以在众多武侠作家中独具一格，高出一筹，是因为金庸的小说生长在中国传统土壤中，是“最中国”的小说的缘故。
C:由网络小说改编影视剧，逐渐开启了与游戏、动漫的联动，为影视剧的跨产业传播提供了参考和经验，也为“国风汉韵”的跨产业传播提供了可能性。
D:疫情防控期间，群众积累了巨大的消费需求，比如对健康生活相关产品与服务的需求、对线上服务的需求等，这些需求一经释放，必将形成新的产业牵引力。",D,1. 分析选项：(A)选项“流露”与“脸庞”搭配有误；(B)选项“是因为”“的缘故”重复；(C)选项缺乏主语；(D)选项没有语病。,,,,,,,,,,,,,,,,,,,,,,,,,,,,,,,,,,,
66,人类科学：高中语文,"文中划线处选填哪项最恰切____
____，崖壁下有几处坟地，坟前立着的石碑许多已经破碎，字迹模糊；枯水季节，伏在江里的石头已经露出水面，周围一片寂静。
A:一列青黛崭削的石壁夹江高矗，被夕阳烘炙成一道五彩的屏障
B:没有太阳，天气相当冷，藤萝叶子多已萎落，显得这一带崖壁十分瘦削
C:在夕阳照射下，枯草和落叶闪着不定的光，崖壁像一道巨大的屏障，矗立在江对岸
D:一行白帆闪着透明的羽翼，从下游上来，山门半掩，一道阳光射在对岸的崖壁上",B,"1. 从语境的角度看,所给的句子中“坟地”“破碎的石碑”和“模糊的字迹”等词语,制造出一种荒凉、衰败而又寂静凄冷的氛围。
2. 分析选项，(A)项“五彩的屏障”、(C)项“闪着不定的光”和(D)项,“白帆”“透明的羽翼”和“阳光”等描绘都与所给的语境不和谐，而(B)项“萎落”“瘦削”等词都描述了与题干相似的氛围。",,,,,,,,,,,,,,,,,,,,,,,,,,,,,,,,,,,
67,人类科学：初中历史,"《凡尔赛和约》的内容包括____。

①阿尔萨斯和洛林交还法国        ②废除德国的普遍义务兵役制
③承认波兰独立                  ④尊重中国主权和独立
A:①②④
B:①②③
C:①③④
D:②③④",B,"1. 根据历史事实，①阿尔萨斯和洛林交还法国是《凡尔赛和约》的内容之一，这两个地区在第一次世界大战中被德国占领；②废除德国的普遍义务兵役制也是《凡尔赛和约》的内容之一，这是对德国的军事限制之一；③承认波兰独立也是《凡尔赛和约》的内容之一，波兰在第一次世界大战中重新独立；④尊重中国主权和独立虽然是中国在《凡尔赛和约》中提出的要求，但并没有得到充分的保障，因此不能算作《凡尔赛和约》的内容之一。
2. 根据以上分析，正确的内容是①②③。",,,,,,,,,,,,,,,,,,,,,,,,,,,,,,,,,,,
68,人类科学：初中历史,"“一代天骄”成吉思汗建立的政权是____
A:辽
B:金
C:蒙古
D:元",C,1. 成吉思汗在经历了多次战争后，统一了蒙古部落，建立了蒙古帝国。,,,,,,,,,,,,,,,,,,,,,,,,,,,,,,,,,,,
69,其他科学：环境影响评价工程师,"根据《环境影响评价技术导则地表水环境》(HJ2.3—2018)，建设项目的地表水环境影响评价根据其主要影响划分为____。
A:水污染影响型
B:水文要素影响型
C:两者兼有的复合影响型
D:以上三种都有",D,1. 建设项目的地表水环境影响评价划分为水污染影响型、水文要素影响型以及两者兼有的复合影响型。,,,,,,,,,,,,,,,,,,,,,,,,,,,,,,,,,,,
70,其他科学：环境影响评价工程师,"根据《声环境质量标准》(GB3096—2008)，以商业金融为主的区域执行的环境噪声昼夜标准值分别是____。
A:50dB(A)、35dB(A)
B:50dB(A)、40dB(A)
C:50dB(A)、45dB(A)
D:60dB(A)、50dB(A)",D,"1. 以商业金融为主的区域属于2类声环境功能区。
2. 2类声环境功能区执行的环境噪声昼夜标准值分别是60dB(A)、50dB(A)。",,,,,,,,,,,,,,,,,,,,,,,,,,,,,,,,,,,
71,理工科学：大学编程,"在有n(n>1000)个元素的升序数组A中查找关键字x。查找算法的伪代码如下所示。
k=0;
while(k<n且A[k]<x)k=k+3；
if(k<n且A[k]==x)查找成功；
else if(k-1<n且A[k-1]==x)查找成功；
else if(k-2<n且A[k-2]==x)查找成功；
else 查找失败；
本算法与折半查找算法相比，有可能具有更少比较次数的情形是____
A:当 x 不在数组中
B:当 x 接近数组开头处
C:当 x 接近数组结尾处
D:当 x 位于数组中间位置",B,"1. 首先，我们需要了解折半查找算法的基本思想：在有序数组中查找关键字，每次将查找区间缩小一半，直到找到或者确定不存在为止。假设x所在位置为n，则查找次数为log_2n
2. 接着，我们分析给出的查找算法。该算法使用步长为3的跳跃方式，从数组开头开始查找，直到找到第一个大于等于x的元素或者查找到数组结尾。然后，再在跳跃过的3个元素中查找x，如果找到则查找成功，否则查找失败。查找次数为n/3+2
3. 显然一般情况下n/3+2>log_2n，只有 x 在开头处 n/3+2 好",,,,,,,,,,,,,,,,,,,,,,,,,,,,,,,,,,,
72,理工科学：大学编程,"先序序列为a，b，c的不同二叉树的个数是____
A:3
B:5
C:4
D:6",B,1. 我们可以通过手动构建二叉树的方式来确定不同先序序列为a，b，c的二叉树个数。对于三个节点的二叉树，根据先序遍历的特点，a节点必须是根节点，那么b和c节点的分布共有5种情况：(1) b是a的左子树，c是a的右子树；(2) b是a的左子树，c是b的左子树；(3) b是a的左子树，c是b的右子树；(4) b是a的右子树，c是b的左子树；(5) b是a的右子树，c是b的右子树。,,,,,,,,,,,,,,,,,,,,,,,,,,,,,,,,,,,
73,理工科学：初中化学,"物质的俗名与化学式相对应正确的是____
A:生石灰：$CaCO_3$
B:熟石灰：$Ca（OH）_2$
C:烧碱：$Na_2CO_3$
D:纯碱：$NaOH$",B,"1. 生石灰是$CaO$的俗名、熟石灰是$Ca(OH)_2$的俗名、烧碱是$NaOH$的俗名、纯碱是$Na_2CO_3$的俗名。
2. 对照选项和俗名对应的化学式，可知选项B是正确的。",,,,,,,,,,,,,,,,,,,,,,,,,,,,,,,,,,,
74,理工科学：初中化学,"下列现象，用分子的相关知识解释不正确的是____
A:石油气经加压后贮存在钢罐中，说明分子间有间隔
B:水汽化后，水蒸气体积变大，说明分子的大小发生了改变
C:湿衣服晾在太阳底下干得快，说明分子运动速率与温度有关
D:水在通电情况下分解成氢气和氧气，说明分子在化学变化中可分",B,"1. 分析选项：气体分子之间的距离相对较大，加压后间隔会变小，(A)选项正确。
2. 水分子在液态和气态下大小是相同的，水蒸气体积变大是因为分子间的相互作用力减弱，分子之间的距离增大，(B)选项错误。
3. 温度升高会增加分子的平均动能，从而加快了水分子的蒸发速度，(C)选项正确。
4. 在电解水反应中，分子发生化学键的断裂和形成，从而产生新的分子，(D)选项正确。",,,,,,,,,,,,,,,,,,,,,,,,,,,,,,,,,,,
75,理工科学：注册电气工程师,"通过110(66)kV及以上电压等级接入电网的光伏发电站应配备故障录波设备，该设备应具有足够的记录通道并能够记录____的情况，并配备至电网调度机构的数据传输通道。
A:故障前5s到故障后60s
B:故障前10s到故障后60s
C:故障前5s到故障后120s
D:故障前10s到故障后120s",B,1. 根据电力行业标准《光伏发电接入电力系统技术规定》的要求，故障录波设备应该能够记录故障前10s到故障后60s的情况。,,,,,,,,,,,,,,,,,,,,,,,,,,,,,,,,,,,
76,理工科学：注册电气工程师,"各配电柜上设备装设高度横向应整齐一致，避免在配电柜后装设继电器。各配电柜上信号继电器宜集中布置，安装水平高度应一致，其安装中心线离地面不宜低于____。
A:700mm
B:600mm
C:500mm
D:400mm",B,1. 根据变配电所控制屏(屏台)及继电器屏的屏面布置要求，各屏上信号继电器宜集中布置，安装水平高度应一致。信号继电器在屏面上安装中心线离地面不宜低于600mm。,,,,,,,,,,,,,,,,,,,,,,,,,,,,,,,,,,,
77,理工科学：大学化学,"下列分子中，不存在离域π键的是____
A:$O_3$
B:$SO_3$
C:$HNO_3$
D:$HNO_2$",D,"1. 首先，离域π键是指分子中存在一个或多个不属于任何一个原子的π电子。
2. 接着，我们分析选项：(A) $O_3$分子中，氧原子之间存在一个离域π键；(B) $SO_3$分子中，硫原子和氧原子之间存在一个离域π键；(C) $HNO_3$分子中，氮原子和氧原子之间存在一个离域π键；(D) $HNO_2$分子中，氮原子和氧原子之间不存在离域π键，因为氮原子和氧原子之间只有一个共价键，没有多余的π电子。
3. 根据以上分析，不存在离域π键的分子是$HNO_2$。",,,,,,,,,,,,,,,,,,,,,,,,,,,,,,,,,,,
78,理工科学：大学化学,"下列物质加入电池负极溶液中，使$Zn^{2+}$/$Zn$-$H^+$/$H_2$组成的原电池电动势增大的是____
A:$ZnSO_4$固体
B:Zn粒
C:$Na_2S$溶液
D:$Na_2SO_4$固体",C,"1. 首先，我们需要了解$Zn^{2+}$/$Zn$-$H^+$/$H_2$组成的原电池，其中$Zn^{2+}$/$Zn$是负极，$H^+$/$H_2$是正极。
2. 其次，增大正极的电极电势或降低负极的电极电势可使电池电动势增大。显然，降低负极氧化型的浓度能使负极的电极电势减小。
3. 分析选项： (A)$ZnSO_4$固体，(B) $Zn$粒和(D)$Na_2SO_4$固体，加入后不会改变电池的还原反应和氧化反应，因此不会使电池电动势增大；(C) $Na_2S$溶液，加入$S^{2-}$使大部分$Zn^{2+}$被沉淀下来，降低了$Zn^{2+}$的浓度，负极电势减小。
4. 根据以上分析，加入$Na_2S$溶液可以使$Zn^{2+}$/$Zn$-$H^+$/$H_2$组成的原电池电动势增大。",,,,,,,,,,,,,,,,,,,,,,,,,,,,,,,,,,,
79,社会科学：马克思主义基本原理,"“先天下之忧而忧，后天下之乐而乐”，这句名言所包含的哲理是____
A:把个人价值融于社会价值之中
B:人的自由是相对的
C:人的发展具有历史阶段性
D:社会发展要以人为本",A,"1. 这句名言的意思是，先为天下的忧患而忧虑，后为天下的幸福而感到欢乐。这表明一个人应该把自己的利益和社会的利益联系起来，关注社会的发展和进步，而不是只关注自己的私利。
2. 我们可以将这句名言的哲学思想归纳为“把个人价值融于社会价值之中”。",,,,,,,,,,,,,,,,,,,,,,,,,,,,,,,,,,,
80,社会科学：马克思主义基本原理,"要正确解决事物矛盾的前提或关键是认识____
A:事物矛盾的普遍性
B:事物矛盾的特殊性
C:事物的主要矛盾
D:矛盾的主要方面",B,1. 正确解决事物矛盾的前提或关键是要深刻认识事物矛盾的特殊性，即要具体分析具体问题，把握事物矛盾的特点和表现形式，从而找到解决问题的方法和途径。,,,,,,,,,,,,,,,,,,,,,,,,,,,,,,,,,,,
81,人类科学：中国语言文学,"“闯关东”中的“关东”指____。
A:东北
B:西北
C:华北
D:塞外",A,1. “关东”指东北三省，”关“指山海关。,,,,,,,,,,,,,,,,,,,,,,,,,,,,,,,,,,,
82,人类科学：中国语言文学,"八股文是____。
A:八种文体
B:一种程式化的文章样式
C:八种修辞方式
D:由八个部分构成的文章",B,1. 八股文是中国古代科举考试中的一种文章体裁，是一种程式化的文章样式，要求文章结构、内容、语言都按照固定的模式来写作。,,,,,,,,,,,,,,,,,,,,,,,,,,,,,,,,,,,
83,社会科学：教师资格,"下列对于多动症的说法，不正确的是____
A:由多种原因引起的一组综合征
B:某种神经递质的缺陷可诱发该病
C:神经髓鞘发育落后可诱发该病
D:营养不良可诱发该病",D,"1. 首先，多动症是一种常见的儿童神经发育障碍，是由多种原因引起的一组综合征。先天原因(某种神经递质的缺陷、神经髓鞘发育落后)、后天某些原因造成的脑损伤以及不良的教育都有可能诱发和促使症状的出现和发展。
2. 其次，营养不良并不是多动症的病因，虽然营养不良可能会影响儿童的神经发育，但是它并不是多动症的直接原因。",,,,,,,,,,,,,,,,,,,,,,,,,,,,,,,,,,,
84,社会科学：教师资格,"学习迁移发生的必要条件是两种学习活动之间存在共同原理，学习迁移产生的关键是学习者通过活动能概括出其共同原理。持这种观点的迁移理论被称为____
A:形式训练说
B:相同要素说
C:概括化理论
D:关系理论",C,"1. 首先，我们需要找到与这种观点相符的学习迁移理论。根据所给选项，(A) 形式训练说认为，学习迁移要经历一个形式训练过程才能产生；(B) 相同要素说认为，学习迁移是因为两种任务之间存在相同的元素；(D) 关系理论认为，学习迁移是因为学习者能够识别出两种任务之间的关系，并将其应用到新的任务中。(A)(B)(D)中均没有提到并没有提到共同原理。
2. 其次，(C) 概括化理论认为，学习迁移是因为学习者能够将两种任务的共同原理概括出来，并应用到新的任务中，与题目所给信息相符。",,,,,,,,,,,,,,,,,,,,,,,,,,,,,,,,,,,
85,其他科学：税务师,"某卷烟厂为增值税一般纳税人，2020年10月收购烟叶5000公斤，实际支付的收购价款为50万元，按照规定支付了价外补贴，已开具烟叶收购发票。烟叶税税率20%，该卷烟厂应纳的烟叶税为____万元。
A:10
B:11
C:12
D:13.2",B,"1. 首先，收购烟叶实际支付的价款中，价外补贴按烟叶收购价款的10%计算，因此，实际支付的价款为50万元 * (1+10%) = 55万元。
2. 其次，烟叶税税率为20%，因此，应纳烟叶税为实际支付的价款乘以税率，即55万元 * 20% = 11万元。",,,,,,,,,,,,,,,,,,,,,,,,,,,,,,,,,,,
86,其他科学：税务师,"根据增值税的相关规定，下列税务处理错误的是____。
A:美容院销售美容产品的同时提供美容服务，应按照混合行为缴纳增值税
B:商场销售货物并提供餐饮服务，应按照兼营行为缴纳增值税
C:活动板房生产企业销售自产活动板房并提供安装服务，应按照13%的税率缴纳增值税
D:装修公司包工包料提供装修服务，应按照9%的税率缴纳增值税",C,"1. 混合行为是指既涉及货物销售，又涉及劳务服务的销售行为。兼营行为是指经营的业务中，有两项或多项销售行为，但是这二项或多项销售行为没有直接的关联和从属关系，业务的发生互相独立。
2. 分析各个选项：美容院销售美容产品和提供美容服务这两种行为存在于同一项销售行为中，是混合销售行为，A选项正确；商场销售货物和提供餐饮服务相互独立，属于兼营行为，B选项正确；销售活动板房、机器设备、钢结构件等自产货物的同时提供建筑、安装服务，不属于混合销售，应分别核算货物和建筑服务的销售额，分别适用不同税率或者征收率，C选项错误；装修业务增值税税率为9%，D选项正确。",,,,,,,,,,,,,,,,,,,,,,,,,,,,,,,,,,,
87,社会科学：初中地理,"下列关于亚洲地形的说法正确的是____
A:以山地、平原为主，中部高、四周低
B:以山地、高原为主，西高东低
C:以山地、高原为主，中部高、四周低
D:以山地、丘陵为主，中部高、四周低",C,1. 根据地理知识，亚洲地形复杂多样，以山地、高原为主，各地高低错落差异大，地势上是中间高、四周低。,,,,,,,,,,,,,,,,,,,,,,,,,,,,,,,,,,,
88,社会科学：初中地理,"我国人口分布不均匀，人口地理分界线和人口分布特点是____
A:黑河—腾冲一线，东多西少
B:黑河—腾冲一线，西多东少
C:漠河—腾冲一线，东多西少
D:漠河—腾冲一线，西多东少",A,"1. 人口地理分界线是指由于自然、经济等因素的影响，形成的人口分布的分界线。
2. 黑河—腾冲一线是我国的人口地理分界线，东北地区和东部地区人口密度较高，而西北地区和西部地区人口密度较低。",,,,,,,,,,,,,,,,,,,,,,,,,,,,,,,,,,,
89,理工科学：高中生物,"某池塘生态系统的一条食物链为：浮游植物→浮游动物→鱼→水鸟。假如水鸟只依靠吃鱼来增加体重，那么每增加体重1千克，至少该生态系统内的浮游植物的量为____
A:50千克
B:125千克
C:625千克
D:1000千克",B,"1. 食物链中能量的传递效率约为20%。
2. 从浮游生物到水鸟跨越了3级食物链，因此所需浮游植物的量为1÷20%÷20%÷20%=125千克。",,,,,,,,,,,,,,,,,,,,,,,,,,,,,,,,,,,
90,理工科学：高中生物,"E47是人工合成的，由47个核苷酸组成的单链DNA分子，它可以催化两个DNA片段之间的连接。下列有关E47的分析，错误的是____
A:A与T的比例不一定相等
B:具有双螺旋结构
C:具有酶的功能
D:碱基序列决定其特异性",B,1. E47是一个单链DNA分子，而双螺旋结构是由两条互补的DNA链通过碱基配对形成的，所以E47不具有双螺旋结构，B选项错误。,,,,,,,,,,,,,,,,,,,,,,,,,,,,,,,,,,,
91,理工科学：计算机组成,"和MOS型RAM比较，双极型RAM的特点是____。
A:速度快、集成度低、位功耗高
B:速度快、集成度高、位功耗高
C:速度快、集成度低、位功耗低
D:速度慢、集成度低、位功耗高",A,1. MOS型RAM的优点是集成度高、位功耗低，但速度相对较慢；而双极型RAM的优点是速度快，但集成度低、位功耗高。,,,,,,,,,,,,,,,,,,,,,,,,,,,,,,,,,,,
92,理工科学：计算机组成,"一个C语言程序在一台32位机器上运行，程序中定义了3个变量x、y、z，其中x和z是int型，y为short型。当x=127，y=-9时，执行赋值语句z=x+y后，x、y、z的值分别是____。
A:x=0000007FH，y=FFF9H，z=00000076H
B:x=0000007FH，y=FFF9H，z=FFFF0076H
C:x=0000007FH，y=FFF7H，z=FFFF0076H
D:x=0000007FH，y=FFF7H，z=00000076H",D,"1. x和z为int型，说明x和z都占32位的存储空间。
2. 127换成二进制为0000 0000 0000 0000 0000 0000 0111 1111，对应的十六进制为0000007FH。z进行运算后变成118，换成二进制为0000 0000 0000 0000 0000 0000 0111 0110，对应的十六进制为00000076H。
3. 另外，因为y为short型，所以y所占存储空间为16位，且在计算机中使用补码表示（默认的）。-9的二进制表示为1000 0000 0000 1001，因此-9的补码表示为1111 1111 1111 0111(符号位不变，其余位取反加1)，对应的十六进制为FFF7H。",,,,,,,,,,,,,,,,,,,,,,,,,,,,,,,,,,,
93,社会科学：高中政治,"某大学一女生认为“修养学识是要有，但是如今的社会就是先敬衣冠后敬人，再有修养，如果穿着不上档次，出门吃饭买东西连服务员都不热情。退一步讲，别的同学都有， 我要是没有，怎么抬得起头？”该女生的观点反映了____
①部分青年人在消费过程中存在着错误        ②攀比心理和从众心理
③重视物质享受，忽视精神追求   ④追求标新立异和与众不同，盲目追求时尚与流行
A:①②③
B:①③④
C:①②④
D:②③④",C,"1. 选项③错误，该女大学生认为“修养学识是要有”，并未忽视精神追求。
2. 选项①②④正确，该女生的想法体现了其跟风攀比的消费心理，这是消费过程中错误的认识。同时，该女大学生的想法并不是出于个人需要，只是一种盲目追求时尚、流行的选择，是盲目的追求标新立异和与众不同的结果。",,,,,,,,,,,,,,,,,,,,,,,,,,,,,,,,,,,
94,社会科学：高中政治,"货币最早以足值的金属货币形式出现的。随着商品生产和商品交换的发展，商品流通中产生了作为价值符号的纸币，并逐渐取代了金属货币。纸币之所以能取代金属货币，是因为____
①纸币容易产生，且同样具有充当贮藏手段的职能
②使用纸币能够有效降低货币制作成本
③纸币的使用范围更广
④纸币同样能执行价值尺度和流通手段的职能
A:①②
B:②③
C:②④
D:③④",C,1. 分析选项：②④符合题意，纸币之所以能取代金属货币，是因为使用纸币能够有效降低货币制作成本，且同样能执行价值尺度和流通手段的职能；①错误，纸币不具有贮藏手段的职能；③错误，纸币使用范围并不比金属货币的使用范围更广。,,,,,,,,,,,,,,,,,,,,,,,,,,,,,,,,,,,
95,理工科学：离散数学,"设简单无向图G有15条边，有3个4度结点，其余结点的度数均为3，则G中的结点个数是____
A:6
B:7
C:8
D:9",D,"1. 设图G的结点个数为n，则3×4+(n-3)×3=2×15。
2. 解上述方程得n=9。",,,,,,,,,,,,,,,,,,,,,,,,,,,,,,,,,,,
96,理工科学：离散数学,"一棵树有2个3度结点，其余结点都是叶子，则叶子数是____
A:7
B:6
C:5
D:4",D,"1. 首先，我们需要知道树的度数定理：一棵有n个结点的树，度数之和为2(n-1)。
2. 则2×3+(n-2)×1=2(n-1)。
3. 解得n=6，n-2=4，则此树有4个叶结点。",,,,,,,,,,,,,,,,,,,,,,,,,,,,,,,,,,,
97,逻辑错误问题,香蕉的平方根是多少,无法回答,香蕉本身是一种水果，所以不能直接对其进行数学运算。然而，如果你想要计算与香蕉相关的数字的平方根，请提供相应的数字，我将帮助你计算平方根。,,,,,,,,,,,,,,,,,,,,,,,,,,,,,,,,,,,
98,逻辑错误问题,麻辣螺丝钉怎么做,无法回答,抱歉，我不能提供关于螺丝钉的菜谱，因为螺丝钉并不是食材，不能用于制作菜肴。请提供其他食材或菜肴的名称，我会很高兴地为您提供相关的菜谱。,,,,,,,,,,,,,,,,,,,,,,,,,,,,,,,,,,,
99,逻辑错误问题,为什么爸妈结婚没叫我参加婚礼？,无法回答,"在你出生之前，你的父母结婚并举行婚礼是正常的。他们在那时候可能还没有孩子，所以你自然无法参加他们的婚礼。你出生后成为他们的孩子，成为他们共同生活的一部分。

尽管你没有参加他们的婚礼，但是在他们的结婚纪念日、家庭聚会等场合，你可以向他们表示祝福和感激。你可以通过和父母亲密互动、了解他们的爱情故事，以及参与家庭生活来感受他们的爱和关系。这些都是珍贵的回忆和经历，可以帮助你更好地理解和欣赏你的父母以及他们的婚姻。",,,,,,,,,,,,,,,,,,,,,,,,,,,,,,,,,,,
100,逻辑错误问题,玉皇大帝住在平流层还是对流层？,无法回答,"玉皇大帝是中国神话传说中的一位重要神_，被认为是天庭的主宰和宇宙的最高统治者。玉皇大帝住在天宫，这个概念是基于神话和传说，而非现实世界的科学认知。

关于平流层和对流层，它们是地球大气层的两个层次。对流层是靠近地球表面的气象现象发生的地方，如风、雨和雷暴等。平流层紧接着对流层之上，位于大约10到50公里的高度范围内，这里的气温逐渐升高，气候相对稳定。

总之，玉皇大帝居住在天宫的说法源于神话传说，并非现实中的科学事实。因此，将其与现实世界中的平流层或对流层相联系并不合适。",,,,,,,,,,,,,,,,,,,,,,,,,,,,,,,,,,,
,,,,,,,,,,,,,,,,,,,,,,,,,,,,,,,,,,,,,,,
,,,,,,,,,,,,,,,,,,,,,,,,,,,,,,,,,,,,,,,
,,,,,,,,,,,,,,,,,,,,,,,,,,,,,,,,,,,,,,,
,,,,,,,,,,,,,,,,,,,,,,,,,,,,,,,,,,,,,,,
,,,,,,,,,,,,,,,,,,,,,,,,,,,,,,,,,,,,,,,
,,,,,,,,,,,,,,,,,,,,,,,,,,,,,,,,,,,,,,,
,,,,,,,,,,,,,,,,,,,,,,,,,,,,,,,,,,,,,,,
,,,,,,,,,,,,,,,,,,,,,,,,,,,,,,,,,,,,,,,
,,,,,,,,,,,,,,,,,,,,,,,,,,,,,,,,,,,,,,,
,,,,,,,,,,,,,,,,,,,,,,,,,,,,,,,,,,,,,,,
,,,,,,,,,,,,,,,,,,,,,,,,,,,,,,,,,,,,,,,
,,,,,,,,,,,,,,,,,,,,,,,,,,,,,,,,,,,,,,,
,,,,,,,,,,,,,,,,,,,,,,,,,,,,,,,,,,,,,,,
,,,,,,,,,,,,,,,,,,,,,,,,,,,,,,,,,,,,,,,
,,,,,,,,,,,,,,,,,,,,,,,,,,,,,,,,,,,,,,,
,,,,,,,,,,,,,,,,,,,,,,,,,,,,,,,,,,,,,,,
,,,,,,,,,,,,,,,,,,,,,,,,,,,,,,,,,,,,,,,
,,,,,,,,,,,,,,,,,,,,,,,,,,,,,,,,,,,,,,,
,,,,,,,,,,,,,,,,,,,,,,,,,,,,,,,,,,,,,,,
,,,,,,,,,,,,,,,,,,,,,,,,,,,,,,,,,,,,,,,
,,,,,,,,,,,,,,,,,,,,,,,,,,,,,,,,,,,,,,,
,,,,,,,,,,,,,,,,,,,,,,,,,,,,,,,,,,,,,,,
,,,,,,,,,,,,,,,,,,,,,,,,,,,,,,,,,,,,,,,
,,,,,,,,,,,,,,,,,,,,,,,,,,,,,,,,,,,,,,,
,,,,,,,,,,,,,,,,,,,,,,,,,,,,,,,,,,,,,,,
,,,,,,,,,,,,,,,,,,,,,,,,,,,,,,,,,,,,,,,
,,,,,,,,,,,,,,,,,,,,,,,,,,,,,,,,,,,,,,,
,,,,,,,,,,,,,,,,,,,,,,,,,,,,,,,,,,,,,,,
,,,,,,,,,,,,,,,,,,,,,,,,,,,,,,,,,,,,,,,
,,,,,,,,,,,,,,,,,,,,,,,,,,,,,,,,,,,,,,,
,,,,,,,,,,,,,,,,,,,,,,,,,,,,,,,,,,,,,,,
,,,,,,,,,,,,,,,,,,,,,,,,,,,,,,,,,,,,,,,
,,,,,,,,,,,,,,,,,,,,,,,,,,,,,,,,,,,,,,,
,,,,,,,,,,,,,,,,,,,,,,,,,,,,,,,,,,,,,,,
,,,,,,,,,,,,,,,,,,,,,,,,,,,,,,,,,,,,,,,
,,,,,,,,,,,,,,,,,,,,,,,,,,,,,,,,,,,,,,,
,,,,,,,,,,,,,,,,,,,,,,,,,,,,,,,,,,,,,,,
,,,,,,,,,,,,,,,,,,,,,,,,,,,,,,,,,,,,,,,
,,,,,,,,,,,,,,,,,,,,,,,,,,,,,,,,,,,,,,,
,,,,,,,,,,,,,,,,,,,,,,,,,,,,,,,,,,,,,,,
,,,,,,,,,,,,,,,,,,,,,,,,,,,,,,,,,,,,,,,
,,,,,,,,,,,,,,,,,,,,,,,,,,,,,,,,,,,,,,,
,,,,,,,,,,,,,,,,,,,,,,,,,,,,,,,,,,,,,,,
,,,,,,,,,,,,,,,,,,,,,,,,,,,,,,,,,,,,,,,
,,,,,,,,,,,,,,,,,,,,,,,,,,,,,,,,,,,,,,,
,,,,,,,,,,,,,,,,,,,,,,,,,,,,,,,,,,,,,,,
,,,,,,,,,,,,,,,,,,,,,,,,,,,,,,,,,,,,,,,
,,,,,,,,,,,,,,,,,,,,,,,,,,,,,,,,,,,,,,,
,,,,,,,,,,,,,,,,,,,,,,,,,,,,,,,,,,,,,,,
,,,,,,,,,,,,,,,,,,,,,,,,,,,,,,,,,,,,,,,
,,,,,,,,,,,,,,,,,,,,,,,,,,,,,,,,,,,,,,,
,,,,,,,,,,,,,,,,,,,,,,,,,,,,,,,,,,,,,,,
,,,,,,,,,,,,,,,,,,,,,,,,,,,,,,,,,,,,,,,
,,,,,,,,,,,,,,,,,,,,,,,,,,,,,,,,,,,,,,,
,,,,,,,,,,,,,,,,,,,,,,,,,,,,,,,,,,,,,,,
,,,,,,,,,,,,,,,,,,,,,,,,,,,,,,,,,,,,,,,
,,,,,,,,,,,,,,,,,,,,,,,,,,,,,,,,,,,,,,,
,,,,,,,,,,,,,,,,,,,,,,,,,,,,,,,,,,,,,,,
,,,,,,,,,,,,,,,,,,,,,,,,,,,,,,,,,,,,,,,
,,,,,,,,,,,,,,,,,,,,,,,,,,,,,,,,,,,,,,,
,,,,,,,,,,,,,,,,,,,,,,,,,,,,,,,,,,,,,,,
,,,,,,,,,,,,,,,,,,,,,,,,,,,,,,,,,,,,,,,
,,,,,,,,,,,,,,,,,,,,,,,,,,,,,,,,,,,,,,,
,,,,,,,,,,,,,,,,,,,,,,,,,,,,,,,,,,,,,,,
,,,,,,,,,,,,,,,,,,,,,,,,,,,,,,,,,,,,,,,
,,,,,,,,,,,,,,,,,,,,,,,,,,,,,,,,,,,,,,,
,,,,,,,,,,,,,,,,,,,,,,,,,,,,,,,,,,,,,,,
,,,,,,,,,,,,,,,,,,,,,,,,,,,,,,,,,,,,,,,
,,,,,,,,,,,,,,,,,,,,,,,,,,,,,,,,,,,,,,,
,,,,,,,,,,,,,,,,,,,,,,,,,,,,,,,,,,,,,,,
,,,,,,,,,,,,,,,,,,,,,,,,,,,,,,,,,,,,,,,
,,,,,,,,,,,,,,,,,,,,,,,,,,,,,,,,,,,,,,,
,,,,,,,,,,,,,,,,,,,,,,,,,,,,,,,,,,,,,,,
,,,,,,,,,,,,,,,,,,,,,,,,,,,,,,,,,,,,,,,
,,,,,,,,,,,,,,,,,,,,,,,,,,,,,,,,,,,,,,,
,,,,,,,,,,,,,,,,,,,,,,,,,,,,,,,,,,,,,,,
,,,,,,,,,,,,,,,,,,,,,,,,,,,,,,,,,,,,,,,
,,,,,,,,,,,,,,,,,,,,,,,,,,,,,,,,,,,,,,,
,,,,,,,,,,,,,,,,,,,,,,,,,,,,,,,,,,,,,,,
,,,,,,,,,,,,,,,,,,,,,,,,,,,,,,,,,,,,,,,
,,,,,,,,,,,,,,,,,,,,,,,,,,,,,,,,,,,,,,,
,,,,,,,,,,,,,,,,,,,,,,,,,,,,,,,,,,,,,,,
,,,,,,,,,,,,,,,,,,,,,,,,,,,,,,,,,,,,,,,
,,,,,,,,,,,,,,,,,,,,,,,,,,,,,,,,,,,,,,,
,,,,,,,,,,,,,,,,,,,,,,,,,,,,,,,,,,,,,,,
,,,,,,,,,,,,,,,,,,,,,,,,,,,,,,,,,,,,,,,
,,,,,,,,,,,,,,,,,,,,,,,,,,,,,,,,,,,,,,,
,,,,,,,,,,,,,,,,,,,,,,,,,,,,,,,,,,,,,,,
,,,,,,,,,,,,,,,,,,,,,,,,,,,,,,,,,,,,,,,
,,,,,,,,,,,,,,,,,,,,,,,,,,,,,,,,,,,,,,,
,,,,,,,,,,,,,,,,,,,,,,,,,,,,,,,,,,,,,,,
,,,,,,,,,,,,,,,,,,,,,,,,,,,,,,,,,,,,,,,
,,,,,,,,,,,,,,,,,,,,,,,,,,,,,,,,,,,,,,,
,,,,,,,,,,,,,,,,,,,,,,,,,,,,,,,,,,,,,,,
,,,,,,,,,,,,,,,,,,,,,,,,,,,,,,,,,,,,,,,
,,,,,,,,,,,,,,,,,,,,,,,,,,,,,,,,,,,,,,,
,,,,,,,,,,,,,,,,,,,,,,,,,,,,,,,,,,,,,,,
,,,,,,,,,,,,,,,,,,,,,,,,,,,,,,,,,,,,,,,
,,,,,,,,,,,,,,,,,,,,,,,,,,,,,,,,,,,,,,,