id,tyoe,prompt,answer,explanation,,,,,,,,,,,,,,,,,,,,,,,,,,,,,,,,,,,
1,中文常识：宋词,"谁是下面这首宋词的作者？请仅回复作者的名字。
---
明月几时有？把酒问青天。不知天上宫阙，今夕是何年。我欲乘风归去，又恐琼楼玉宇，高处不胜寒。起舞弄清影，何似在人间？

转朱阁，低绮户，照无眠。不应有恨，何事长向别时圆？人有悲欢离合，月有阴晴圆缺，此事古难全。但愿人长久，千里共婵娟。",['苏轼'],,,,,,,,,,,,,,,,,,,,,,,,,,,,,,,,,,,,
2,中文常识：宋词,"谁是下面这首宋词的作者？请仅回复作者的名字。
---
大江东去，浪淘尽，千古风流人物。故垒西边，人道是，三国周郎赤壁。乱石穿空，惊涛拍岸，卷起千堆雪。江山如画，一时多少豪杰。

遥想公瑾当年，小乔初嫁了，雄姿英发。羽扇纶巾，谈笑间，樯橹灰飞烟灭。故国神游，多情应笑我，早生华发。人生如梦，一尊还酹江月。",['苏轼'],,,,,,,,,,,,,,,,,,,,,,,,,,,,,,,,,,,,
3,中文常识：宋词,"谁是下面这首宋词的作者？请仅回复作者的名字。
---
十年生死两茫茫，不思量，自难忘。千里孤坟，无处话凄凉。纵使相逢应不识，尘满面，鬓如霜。

夜来幽梦忽还乡，小轩窗，正梳妆。相顾无言，惟有泪千行。料得年年肠断处，明月夜，短松冈。",['苏轼'],,,,,,,,,,,,,,,,,,,,,,,,,,,,,,,,,,,,
4,中文常识：宋词,"谁是下面这首宋词的作者？请仅回复作者的名字。
---
东风夜放花千树。更吹落、星如雨。宝马雕车香满路。凤箫声动，玉壶光转，一夜鱼龙舞。

蛾儿雪柳黄金缕。笑语盈盈暗香去。众里寻他千百度。蓦然回首，那人却在，灯火阑珊处。",['辛弃疾'],,,,,,,,,,,,,,,,,,,,,,,,,,,,,,,,,,,,
5,中文常识：宋词,"谁是下面这首宋词的作者？请仅回复作者的名字。
---
醉里挑灯看剑，梦回吹角连营。八百里分麾下炙，五十弦翻塞外声。沙场秋点兵。

马作的卢飞快，弓如霹雳弦惊。了却君王天下事，赢得生前身后名。可怜白发生！",['辛弃疾'],,,,,,,,,,,,,,,,,,,,,,,,,,,,,,,,,,,,
6,中文常识：宋词,"谁是下面这首宋词的作者？请仅回复作者的名字。
---
伫倚危楼风细细，望极春愁，黯黯生天际。草色烟光残照里，无言谁会凭阑意。

拟把疏狂图一醉，对酒当歌，强乐还无味。衣带渐宽终不悔，为伊消得人憔悴。",['柳永'],,,,,,,,,,,,,,,,,,,,,,,,,,,,,,,,,,,,
7,中文常识：宋词,"谁是下面这首宋词的作者？请仅回复作者的名字。
---
长安古道马迟迟，高柳乱蝉嘶。夕阳岛外，秋风原上，目断四天垂。

归云一去无踪迹，何处是前期？狎兴生疏，酒徒萧索，不似少年时。",['柳永'],,,,,,,,,,,,,,,,,,,,,,,,,,,,,,,,,,,,
8,中文常识：宋词,"谁是下面这首宋词的作者？请仅回复作者的名字。
---
黄金榜上，偶失龙头望。明代暂遗贤，如何向。未遂风云便，争不恣狂荡。何须论得丧？才子词人，自是白衣卿相。

烟花巷陌，依约丹青屏障。幸有意中人，堪寻访。且恁偎红倚翠，风流事，平生畅。青春都一饷。忍把浮名，换了浅斟低唱！",['柳永'],,,,,,,,,,,,,,,,,,,,,,,,,,,,,,,,,,,,
9,中文常识：宋词,"谁是下面这首宋词的作者？请仅回复作者的名字。
---
风住尘香花已尽，日晚倦梳头。物是人非事事休，欲语泪先流。

闻说双溪春尚好，也拟泛轻舟。只恐双溪舴艋舟，载不动许多愁。",['李清照'],,,,,,,,,,,,,,,,,,,,,,,,,,,,,,,,,,,,
10,中文常识：宋词,"谁是下面这首宋词的作者？请仅回复作者的名字。
---
昨夜雨疏风骤，浓睡不消残酒。试问卷帘人，却道海棠依旧。知否，知否？应是绿肥红瘦。",['李清照'],,,,,,,,,,,,,,,,,,,,,,,,,,,,,,,,,,,,
11,中文常识：宋词,"谁是下面这首宋词的作者？请仅回复作者的名字。
---
驿外断桥边，寂寞开无主。已是黄昏独自愁，更著风和雨。

无意苦争春，一任群芳妒。零落成泥碾作尘，只有香如故。",['陆游'],,,,,,,,,,,,,,,,,,,,,,,,,,,,,,,,,,,,
12,中文常识：宋词,"谁是下面这首宋词的作者？请仅回复作者的名字。
---
当年万里觅封侯，匹马戍梁州。关河梦断何处？尘暗旧貂裘。

胡未灭，鬓先秋，泪空流。此生谁料，心在天山，身老沧洲。",['陆游'],,,,,,,,,,,,,,,,,,,,,,,,,,,,,,,,,,,,
13,中文常识：宋词,"谁是下面这首宋词的作者？请仅回复作者的名字。
---
尊前拟把归期说，欲语春容先惨咽。人生自是有情痴，此恨不关风与月。

离歌且莫翻新阕，一曲能教肠寸结。直须看尽洛城花，始共春风容易别。",['欧阳修'],,,,,,,,,,,,,,,,,,,,,,,,,,,,,,,,,,,,
14,中文常识：宋词,"谁是下面这首宋词的作者？请仅回复作者的名字。
---
候馆梅残，溪桥柳细。草薰风暖摇征辔。离愁渐远渐无穷，迢迢不断如春水。

寸寸柔肠，盈盈粉泪。楼高莫近危阑倚。平芜尽处是春山，行人更在春山外。",['欧阳修'],,,,,,,,,,,,,,,,,,,,,,,,,,,,,,,,,,,,
15,中文常识：宋词,"谁是下面这首宋词的作者？请仅回复作者的名字。
---
槛菊愁烟兰泣露，罗幕轻寒，燕子双飞去。明月不谙离恨苦，斜光到晓穿朱户。

昨夜西风凋碧树，独上高楼，望尽天涯路。欲寄彩笺兼尺素，山长水阔知何处？",['晏殊'],,,,,,,,,,,,,,,,,,,,,,,,,,,,,,,,,,,,
16,中文常识：宋词,"谁是下面这首宋词的作者？请仅回复作者的名字。
---
红笺小字。说尽平生意。鸿雁在云鱼在水。惆怅此情难寄。

斜阳独倚西楼。遥山恰对帘钩。人面不知何处，绿波依旧东流。",['晏殊'],,,,,,,,,,,,,,,,,,,,,,,,,,,,,,,,,,,,
17,中文常识：现代诗歌,"下面这段内容出自哪位中国现当代作家的哪一部诗歌作品？请只回复作家姓名和作品名称，不要包含其他内容。例如：徐志摩《再别康桥》
---
轻轻的我走了，正如我轻轻的来；我轻轻的招手，作别西天的云彩。",徐志摩《再别康桥》,,,,,,,,,,,,,,,,,,,,,,,,,,,,,,,,,,,,
18,中文常识：现代诗歌,"下面这段内容出自哪位中国现当代作家的哪一部诗歌作品？请只回复作家姓名和作品名称，不要包含其他内容。例如：徐志摩《再别康桥》
---
我不知道风 是在哪一个方向吹——我是在梦中，在梦的轻波里依洄。",徐志摩《我不知道风是在哪一个方向吹》,,,,,,,,,,,,,,,,,,,,,,,,,,,,,,,,,,,,
19,中文常识：现代诗歌,"下面这段内容出自哪位中国现当代作家的哪一部诗歌作品？请只回复作家姓名和作品名称，不要包含其他内容。例如：徐志摩《再别康桥》
---
我是天空里的一片云，偶尔投影在你的波心。你不必讶异，更无须欢喜，在转瞬间消灭了踪影。",徐志摩《偶然》,,,,,,,,,,,,,,,,,,,,,,,,,,,,,,,,,,,,
20,中文常识：现代诗歌,"下面这段内容出自哪位中国现当代作家的哪一部诗歌作品？请只回复作家姓名和作品名称，不要包含其他内容。例如：徐志摩《再别康桥》
---
黑夜给了我黑色的眼睛，我却用它寻找光明。",顾城《一代人》,,,,,,,,,,,,,,,,,,,,,,,,,,,,,,,,,,,,
21,中文常识：现代诗歌,"下面这段内容出自哪位中国现当代作家的哪一部诗歌作品？请只回复作家姓名和作品名称，不要包含其他内容。例如：徐志摩《再别康桥》
---
你，一会儿看我，一会儿看云。我觉得，你看我时很远，你看云时很近。",顾城《远和近》,,,,,,,,,,,,,,,,,,,,,,,,,,,,,,,,,,,,
22,中文常识：现代诗歌,"下面这段内容出自哪位中国现当代作家的哪一部诗歌作品？请只回复作家姓名和作品名称，不要包含其他内容。例如：徐志摩《再别康桥》
---
说是寂寞的秋的清愁，说是辽远的海的相思。假如有人问我的烦忧，我不敢说出你的名字。",戴望舒《烦忧》,,,,,,,,,,,,,,,,,,,,,,,,,,,,,,,,,,,,
23,中文常识：现代诗歌,"下面这段内容出自哪位中国现当代作家的哪一部诗歌作品？请只回复作家姓名和作品名称，不要包含其他内容。例如：徐志摩《再别康桥》
---
我说你是人间的四月天，笑响点亮了四面风；轻灵在春的光艳中交舞着变。",林徽因《你是人间的四月天》,,,,,,,,,,,,,,,,,,,,,,,,,,,,,,,,,,,,
24,中文常识：现代诗歌,"下面这段内容出自哪位中国现当代作家的哪一部诗歌作品？请只回复作家姓名和作品名称，不要包含其他内容。例如：徐志摩《再别康桥》
---
你站在桥上看风景，看风景人在楼上看你。明月装饰了你的窗子，你装饰了别人的梦。",卞之琳《断章》,,,,,,,,,,,,,,,,,,,,,,,,,,,,,,,,,,,,
25,中文常识：现代诗歌,"下面这段内容出自哪位中国现当代作家的哪一部诗歌作品？请只回复作家姓名和作品名称，不要包含其他内容。例如：徐志摩《再别康桥》
---
都是平常经验，都是平常影象，偶然涌到梦中来，变幻出多少新奇花样！",胡适《梦与诗》,,,,,,,,,,,,,,,,,,,,,,,,,,,,,,,,,,,,
26,中文常识：现代诗歌,"下面这段内容出自哪位中国现当代作家的哪一部诗歌作品？请只回复作家姓名和作品名称，不要包含其他内容。例如：徐志摩《再别康桥》
---
醉过才知酒浓，爱过才知情重：——你不能做我的诗，正如我不能做你的梦。",胡适《梦与诗》,,,,,,,,,,,,,,,,,,,,,,,,,,,,,,,,,,,,
27,中文常识：现代诗歌,"下面这段内容出自哪位中国现当代作家的哪一部诗歌作品？请只回复作家姓名和作品名称，不要包含其他内容。例如：徐志摩《再别康桥》
---
为什么我的眼里常含泪水？因为我对这土地爱得深沉……",艾青《我爱这土地》,,,,,,,,,,,,,,,,,,,,,,,,,,,,,,,,,,,,
28,中文常识：现代诗歌,"下面这段内容出自哪位中国现当代作家的哪一部诗歌作品？请只回复作家姓名和作品名称，不要包含其他内容。例如：徐志摩《再别康桥》
---
小时候，乡愁是一枚小小的邮票，我在这头，母亲在那头。",余光中《乡愁》,,,,,,,,,,,,,,,,,,,,,,,,,,,,,,,,,,,,
29,中文常识：现代诗歌,"下面这段内容出自哪位中国现当代作家的哪一部诗歌作品？请只回复作家姓名和作品名称，不要包含其他内容。例如：徐志摩《再别康桥》
---
我达达的马蹄是美丽的错误。我不是归人，是个过客……",郑愁予《错误》,,,,,,,,,,,,,,,,,,,,,,,,,,,,,,,,,,,,
30,中文常识：现代诗歌,"下面这段内容出自哪位中国现当代作家的哪一部诗歌作品？请只回复作家姓名和作品名称，不要包含其他内容。例如：徐志摩《再别康桥》
---
卑鄙是卑鄙者的通行证，高尚是高尚者的墓志铭。",北岛《回答》,,,,,,,,,,,,,,,,,,,,,,,,,,,,,,,,,,,,
31,中文常识：现代诗歌,"下面这段内容出自哪位中国现当代作家的哪一部诗歌作品？请只回复作家姓名和作品名称，不要包含其他内容。例如：徐志摩《再别康桥》
---
我如果爱你，绝不像攀援的凌霄花，借你的高枝炫耀自己；我如果爱你，绝不学痴情的鸟儿，为绿荫重复单调的歌曲。",舒婷《致橡树》,,,,,,,,,,,,,,,,,,,,,,,,,,,,,,,,,,,,
32,中文常识：现代诗歌,"下面这段内容出自哪位中国现当代作家的哪一部诗歌作品？请只回复作家姓名和作品名称，不要包含其他内容。例如：徐志摩《再别康桥》
---
从明天起, 做一个幸福的人，喂马, 劈柴, 周游世界。",海子《面朝大海，春暖花开》,,,,,,,,,,,,,,,,,,,,,,,,,,,,,,,,,,,,
33,中文常识：现代诗歌,"下面这段内容出自哪位中国现当代作家的哪一部诗歌作品？请只回复作家姓名和作品名称，不要包含其他内容。例如：徐志摩《再别康桥》
---
陌生人，我也为你祝福，愿你有一个灿烂的前程，愿你有情人终成眷属，愿你在尘世获的幸福，我也愿面朝大海, 春暖花开。",海子《面朝大海，春暖花开》,,,,,,,,,,,,,,,,,,,,,,,,,,,,,,,,,,,,
34,中文常识：现代诗歌,"下面这段内容出自哪位中国现当代作家的哪一部诗歌作品？请只回复作家姓名和作品名称，不要包含其他内容。例如：徐志摩《再别康桥》
---
我把石头还给石头，让胜利的胜利。",海子《日记》,,,,,,,,,,,,,,,,,,,,,,,,,,,,,,,,,,,,
35,中文常识：现代诗歌,"下面这段内容出自哪位中国现当代作家的哪一部诗歌作品？请只回复作家姓名和作品名称，不要包含其他内容。例如：徐志摩《再别康桥》
---
如何让你遇见我，在我最美丽的时刻。为这，我已在佛前求了五百年，求佛让我们结一段尘缘",席慕蓉《一棵开花的树》,,,,,,,,,,,,,,,,,,,,,,,,,,,,,,,,,,,,
36,中文常识：现代诗歌,"下面这段内容出自哪位中国现当代作家的哪一部诗歌作品？请只回复作家姓名和作品名称，不要包含其他内容。例如：徐志摩《再别康桥》
---
长亭外，古道边，芳草碧连天。晚风拂柳笛声残，夕阳山外山。",李叔同《送别》,,,,,,,,,,,,,,,,,,,,,,,,,,,,,,,,,,,,
37,中文常识：现代诗歌,"下面这段内容出自哪位中国现当代作家的哪一部诗歌作品？请只回复作家姓名和作品名称，不要包含其他内容。例如：徐志摩《再别康桥》
---
我想和你虚度时光，比如低头看鱼，比如把茶杯留在桌子上，离开，浪费它们好看的阴影。",李元胜《我想和你虚度时光》,,,,,,,,,,,,,,,,,,,,,,,,,,,,,,,,,,,,
38,中文常识：著作,"下面这本中国古代名著是于哪个朝代编写的？你只需要回答朝代。例如：战国
---
《华阳国志》",['东晋'],,,,,,,,,,,,,,,,,,,,,,,,,,,,,,,,,,,,
39,中文常识：著作,"下面这本中国古代名著是于哪个朝代编写的？你只需要回答朝代。例如：战国
---
《海国图志》",['清'],,,,,,,,,,,,,,,,,,,,,,,,,,,,,,,,,,,,
40,中文常识：著作,"下面这本中国古代名著是于哪个朝代编写的？你只需要回答朝代。例如：战国
---
《三国志》",['西晋'],,,,,,,,,,,,,,,,,,,,,,,,,,,,,,,,,,,,
41,中文常识：著作,"下面这本中国古代名著是于哪个朝代编写的？你只需要回答朝代。例如：战国
---
《战国策》",['西汉'],,,,,,,,,,,,,,,,,,,,,,,,,,,,,,,,,,,,
42,中文常识：著作,"下面这本中国古代名著是于哪个朝代编写的？你只需要回答朝代。例如：战国
---
《烈女传》",['西汉'],,,,,,,,,,,,,,,,,,,,,,,,,,,,,,,,,,,,
43,中文常识：著作,"下面这本中国古代名著是于哪个朝代编写的？你只需要回答朝代。例如：战国
---
《搜神记》",['东晋'],,,,,,,,,,,,,,,,,,,,,,,,,,,,,,,,,,,,
44,中文常识：著作,"下面这本中国古代名著是于哪个朝代编写的？你只需要回答朝代。例如：战国
---
《资治通鉴》",['北宋'],,,,,,,,,,,,,,,,,,,,,,,,,,,,,,,,,,,,
45,中文常识：著作,"下面这本中国古代名著是于哪个朝代编写的？你只需要回答朝代。例如：战国
---
《魏书》",['北朝'],,,,,,,,,,,,,,,,,,,,,,,,,,,,,,,,,,,,
46,中文常识：著作,"下面这本中国古代名著是于哪个朝代编写的？你只需要回答朝代。例如：战国
---
《梁书》",['唐'],,,,,,,,,,,,,,,,,,,,,,,,,,,,,,,,,,,,
47,中文常识：著作,"下面这本中国古代名著是于哪个朝代编写的？你只需要回答朝代。例如：战国
---
《陈书》",['唐'],,,,,,,,,,,,,,,,,,,,,,,,,,,,,,,,,,,,
48,中文常识：著作,"下面这本中国古代名著是于哪个朝代编写的？你只需要回答朝代。例如：战国
---
《北史》",['唐'],,,,,,,,,,,,,,,,,,,,,,,,,,,,,,,,,,,,
49,中文常识：著作,"下面这本中国古代名著是于哪个朝代编写的？你只需要回答朝代。例如：战国
---
《北史》",['唐'],,,,,,,,,,,,,,,,,,,,,,,,,,,,,,,,,,,,
50,中文常识：著作,"下面这本中国古代名著是于哪个朝代编写的？你只需要回答朝代。例如：战国
---
《周书》",['唐'],,,,,,,,,,,,,,,,,,,,,,,,,,,,,,,,,,,,
51,中文常识：著作,"下面这本中国古代名著是于哪个朝代编写的？你只需要回答朝代。例如：战国
---
《新唐书》",['北宋'],,,,,,,,,,,,,,,,,,,,,,,,,,,,,,,,,,,,
52,中文常识：著作,"下面这本中国古代名著是于哪个朝代编写的？你只需要回答朝代。例如：战国
---
《元史》",['明'],,,,,,,,,,,,,,,,,,,,,,,,,,,,,,,,,,,,
53,中文常识：著作,"下面这本中国古代名著是于哪个朝代编写的？你只需要回答朝代。例如：战国
---
《明史》",['清'],,,,,,,,,,,,,,,,,,,,,,,,,,,,,,,,,,,,
54,中文常识：唐诗,"你们将看到一句唐诗。回答谁是作者，只回答一个名字:
慈母手中线，游子身上衣。",孟郊,,,,,,,,,,,,,,,,,,,,,,,,,,,,,,,,,,,,
55,中文常识：唐诗,"你们将看到一句唐诗。回答谁是作者，只回答一个名字:
烟笼寒水月笼沙，夜泊秦淮近酒家。",杜牧,,,,,,,,,,,,,,,,,,,,,,,,,,,,,,,,,,,,
56,中文常识：唐诗,"你们将看到一句唐诗。回答谁是作者，只回答一个名字:
白日依山尽，黄河入海流。",王之涣,,,,,,,,,,,,,,,,,,,,,,,,,,,,,,,,,,,,
57,中文常识：唐诗,"你们将看到一句唐诗。回答谁是作者，只回答一个名字:
寂寞天宝后，园庐但蒿藜。",杜甫,,,,,,,,,,,,,,,,,,,,,,,,,,,,,,,,,,,,
58,中文常识：唐诗,"你们将看到一句唐诗。回答谁是作者，只回答一个名字:
春城无处不飞花，寒食东风御柳斜。",韩翊,,,,,,,,,,,,,,,,,,,,,,,,,,,,,,,,,,,,
59,中文常识：唐诗,"你们将看到一句唐诗。回答谁是作者，只回答一个名字:
春种一粒粟，秋收万颗子。",李绅,,,,,,,,,,,,,,,,,,,,,,,,,,,,,,,,,,,,
60,中文常识：唐诗,"你们将看到一句唐诗。回答谁是作者，只回答一个名字:
锦瑟无端五十弦，一弦一柱思华年。",李商隐,,,,,,,,,,,,,,,,,,,,,,,,,,,,,,,,,,,,
61,中文常识：唐诗,"你们将看到一句唐诗。回答谁是作者，只回答一个名字:
燕草如碧丝，秦桑低绿枝。",李白,,,,,,,,,,,,,,,,,,,,,,,,,,,,,,,,,,,,
62,中文常识：唐诗,"你们将看到一句唐诗。回答谁是作者，只回答一个名字:
客路青山外，行舟绿水前。",王湾,,,,,,,,,,,,,,,,,,,,,,,,,,,,,,,,,,,,
63,中文常识：唐诗,"你们将看到一句唐诗。回答谁是作者，只回答一个名字:
朱雀桥边野草花，乌衣巷口夕阳斜。",刘禹锡,,,,,,,,,,,,,,,,,,,,,,,,,,,,,,,,,,,,
64,中文常识：唐诗,"你们将看到一句唐诗。回答谁是作者，只回答一个名字:
吾爱孟夫子，风流天下闻。",李白,,,,,,,,,,,,,,,,,,,,,,,,,,,,,,,,,,,,
65,中文常识：唐诗,"你们将看到一句唐诗。回答谁是作者，只回答一个名字:
杨柳青青江水平，闻郎江上唱歌声。",刘禹锡,,,,,,,,,,,,,,,,,,,,,,,,,,,,,,,,,,,,
66,中文常识：唐诗,"你们将看到一句唐诗。回答谁是作者，只回答一个名字:
长安回望绣成堆，山顶千门次第开。",杜牧,,,,,,,,,,,,,,,,,,,,,,,,,,,,,,,,,,,,
67,中文常识：唐诗,"你们将看到一句唐诗。回答谁是作者，只回答一个名字:
吴丝蜀桐张高秋，空白凝云颓不流。",李贺,,,,,,,,,,,,,,,,,,,,,,,,,,,,,,,,,,,,
68,中文常识：唐诗,"你们将看到一句唐诗。回答谁是作者，只回答一个名字:
日暮苍山远，天寒白屋贫。",刘长卿,,,,,,,,,,,,,,,,,,,,,,,,,,,,,,,,,,,,
69,中文常识：唐诗,"你们将看到一句唐诗。回答谁是作者，只回答一个名字:
渭城朝雨浥轻尘，客舍青青柳色新。",王维,,,,,,,,,,,,,,,,,,,,,,,,,,,,,,,,,,,,
70,中文常识：唐诗,"你们将看到一句唐诗。回答谁是作者，只回答一个名字:
巴山楚水凄凉地，二十三年弃置身。",刘禹锡,,,,,,,,,,,,,,,,,,,,,,,,,,,,,,,,,,,,
71,中文常识：唐诗,"你们将看到一句唐诗。回答谁是作者，只回答一个名字:
天门中断楚江开，碧水东流至此回。",李白,,,,,,,,,,,,,,,,,,,,,,,,,,,,,,,,,,,,
72,中文常识：唐诗,"你们将看到一句唐诗。回答谁是作者，只回答一个名字:
弃我去者，昨日之日不可留；",李白,,,,,,,,,,,,,,,,,,,,,,,,,,,,,,,,,,,,
73,中文常识：唐诗,"你们将看到一句唐诗。回答谁是作者，只回答一个名字:
昔人已乘黄鹤去，此地空余黄鹤楼。",崔颢,,,,,,,,,,,,,,,,,,,,,,,,,,,,,,,,,,,,
74,中文常识：唐诗,"你们将看到一句唐诗。回答谁是作者，只回答一个名字:
床前明月光，疑是地上霜。",李白,,,,,,,,,,,,,,,,,,,,,,,,,,,,,,,,,,,,
75,中文常识：唐诗,"你们将看到一句唐诗。回答谁是作者，只回答一个名字:
好雨知时节，当春乃发生。",杜甫,,,,,,,,,,,,,,,,,,,,,,,,,,,,,,,,,,,,
76,中文常识：唐诗,"你们将看到一句唐诗。回答谁是作者，只回答一个名字:
移舟泊烟渚，日暮客愁新。",孟浩然,,,,,,,,,,,,,,,,,,,,,,,,,,,,,,,,,,,,
77,中文常识：唐诗,"你们将看到一句唐诗。回答谁是作者，只回答一个名字:
九曲黄河万里沙，浪淘风簸自天涯。",刘禹锡,,,,,,,,,,,,,,,,,,,,,,,,,,,,,,,,,,,,
78,中文常识：唐诗,"你们将看到一句唐诗。回答谁是作者，只回答一个名字:
八月秋高风怒号，卷我屋上三重茅。",杜甫,,,,,,,,,,,,,,,,,,,,,,,,,,,,,,,,,,,,
79,中文常识：唐诗,"你们将看到一句唐诗。回答谁是作者，只回答一个名字:
客行新安道，喧呼闻点兵。",杜甫,,,,,,,,,,,,,,,,,,,,,,,,,,,,,,,,,,,,
80,中文常识：唐诗,"你们将看到一句唐诗。回答谁是作者，只回答一个名字:
岐王宅里寻常见，崔九堂前几度闻。",杜甫,,,,,,,,,,,,,,,,,,,,,,,,,,,,,,,,,,,,
81,中文常识：唐诗,"你们将看到一句唐诗。回答谁是作者，只回答一个名字:
黑云压城城欲摧，甲光向日金鳞开。",李贺,,,,,,,,,,,,,,,,,,,,,,,,,,,,,,,,,,,,
82,中文常识：唐诗,"你们将看到一句唐诗。回答谁是作者，只回答一个名字:
汴水流，泗水流，",白居易,,,,,,,,,,,,,,,,,,,,,,,,,,,,,,,,,,,,
83,中文常识：唐诗,"你们将看到一句唐诗。回答谁是作者，只回答一个名字:
湖上春来似画图，乱峰围绕水平铺。",白居易,,,,,,,,,,,,,,,,,,,,,,,,,,,,,,,,,,,,
84,中文常识：唐诗,"你们将看到一句唐诗。回答谁是作者，只回答一个名字:
君不见黄河之水天上来，奔流到海不复回！",李白,,,,,,,,,,,,,,,,,,,,,,,,,,,,,,,,,,,,
85,中文常识：唐诗,"你们将看到一句唐诗。回答谁是作者，只回答一个名字:
单车欲问边，属国过居延。",王维,,,,,,,,,,,,,,,,,,,,,,,,,,,,,,,,,,,,
86,中文常识：唐诗,"你们将看到一句唐诗。回答谁是作者，只回答一个名字:
锄禾日当午，汗滴禾下土。",李绅,,,,,,,,,,,,,,,,,,,,,,,,,,,,,,,,,,,,
87,中文常识：唐诗,"你们将看到一句唐诗。回答谁是作者，只回答一个名字:
饭颗山头逢杜甫，顶戴笠子日卓午。",李白,,,,,,,,,,,,,,,,,,,,,,,,,,,,,,,,,,,,
88,中文常识：唐诗,"你们将看到一句唐诗。回答谁是作者，只回答一个名字:
松下问童子，言师采药去。",贾岛,,,,,,,,,,,,,,,,,,,,,,,,,,,,,,,,,,,,
89,中文常识：唐诗,"你们将看到一句唐诗。回答谁是作者，只回答一个名字:
汉皇重色思倾国，御宇多年求不得。",白居易,,,,,,,,,,,,,,,,,,,,,,,,,,,,,,,,,,,,
90,中文常识：唐诗,"你们将看到一句唐诗。回答谁是作者，只回答一个名字:
渡远荆门外，来从楚国游。",李白,,,,,,,,,,,,,,,,,,,,,,,,,,,,,,,,,,,,
91,中文常识：诗经,"下面这段内容出自诗经的哪一篇？请只回复包含完整分类结构的篇目名称，不要包含其他内容。例如：《周南·关雎》
---
关关雎鸠，在河之洲。窈窕淑女，君子好逑。",《周南·关雎》,,,,,,,,,,,,,,,,,,,,,,,,,,,,,,,,,,,,
92,中文常识：诗经,"下面这段内容出自诗经的哪一篇？请只回复包含完整分类结构的篇目名称，不要包含其他内容。例如：《周南·关雎》
---
桃之夭夭，灼灼其华。之子于归，宜其室家。",《周南·桃夭》,,,,,,,,,,,,,,,,,,,,,,,,,,,,,,,,,,,,
93,中文常识：诗经,"下面这段内容出自诗经的哪一篇？请只回复包含完整分类结构的篇目名称，不要包含其他内容。例如：《周南·关雎》
---
蒹葭苍苍，白露为霜。所谓伊人，在水一方。",《秦风·蒹葭》,,,,,,,,,,,,,,,,,,,,,,,,,,,,,,,,,,,,
94,中文常识：诗经,"下面这段内容出自诗经的哪一篇？请只回复包含完整分类结构的篇目名称，不要包含其他内容。例如：《周南·关雎》
---
死生契阔，与子成说。执子之手，与子偕老。",《邶风·击鼓》,,,,,,,,,,,,,,,,,,,,,,,,,,,,,,,,,,,,
95,中文常识：诗经,"下面这段内容出自诗经的哪一篇？请只回复包含完整分类结构的篇目名称，不要包含其他内容。例如：《周南·关雎》
---
摽有梅，其实七兮。求我庶士，迨其吉兮。",《召南·摽有梅》,,,,,,,,,,,,,,,,,,,,,,,,,,,,,,,,,,,,
96,中文常识：诗经,"下面这段内容出自诗经的哪一篇？请只回复包含完整分类结构的篇目名称，不要包含其他内容。例如：《周南·关雎》
---
未见君子，我心伤悲。亦既见止，亦既觏止，我心则夷。",《召南·草虫》,,,,,,,,,,,,,,,,,,,,,,,,,,,,,,,,,,,,
97,中文常识：诗经,"下面这段内容出自诗经的哪一篇？请只回复包含完整分类结构的篇目名称，不要包含其他内容。例如：《周南·关雎》
---
我心匪石，不可转也。我心匪席，不可卷也。",《邶风·柏舟》,,,,,,,,,,,,,,,,,,,,,,,,,,,,,,,,,,,,
98,中文常识：诗经,"下面这段内容出自诗经的哪一篇？请只回复包含完整分类结构的篇目名称，不要包含其他内容。例如：《周南·关雎》
---
凯风自南，吹彼棘心。棘心夭夭，母氏劬劳。",《邶风·凯风》,,,,,,,,,,,,,,,,,,,,,,,,,,,,,,,,,,,,
99,中文常识：诗经,"下面这段内容出自诗经的哪一篇？请只回复包含完整分类结构的篇目名称，不要包含其他内容。例如：《周南·关雎》
---
静女其姝，俟我于城隅。爱而不见，搔首踟蹰。",《邶风·静女》,,,,,,,,,,,,,,,,,,,,,,,,,,,,,,,,,,,,
100,中文常识：诗经,"下面这段内容出自诗经的哪一篇？请只回复包含完整分类结构的篇目名称，不要包含其他内容。例如：《周南·关雎》
---
北风其凉，雨雪其雱。惠而好我，携手同行。",《邶风·北风》,,,,,,,,,,,,,,,,,,,,,,,,,,,,,,,,,,,,
101,中文常识：诗经,"下面这段内容出自诗经的哪一篇？请只回复包含完整分类结构的篇目名称，不要包含其他内容。例如：《周南·关雎》
---
有匪君子，如切如磋，如琢如磨。",《卫风·淇奥》,,,,,,,,,,,,,,,,,,,,,,,,,,,,,,,,,,,,
102,中文常识：诗经,"下面这段内容出自诗经的哪一篇？请只回复包含完整分类结构的篇目名称，不要包含其他内容。例如：《周南·关雎》
---
手如柔荑，肤如凝脂。领如蝤蛴，齿如瓠犀，螓首蛾眉。巧笑倩兮，美目盼兮。",《卫风·硕人》,,,,,,,,,,,,,,,,,,,,,,,,,,,,,,,,,,,,
103,中文常识：诗经,"下面这段内容出自诗经的哪一篇？请只回复包含完整分类结构的篇目名称，不要包含其他内容。例如：《周南·关雎》
---
投我以木桃，报之以琼瑶。匪报也，永以为好也！",《卫风·木瓜》,,,,,,,,,,,,,,,,,,,,,,,,,,,,,,,,,,,,
104,中文常识：诗经,"下面这段内容出自诗经的哪一篇？请只回复包含完整分类结构的篇目名称，不要包含其他内容。例如：《周南·关雎》
---
知我者，谓我心忧，不知我者，谓我何求。悠悠苍天！此何人哉？",《王风·黍离》,,,,,,,,,,,,,,,,,,,,,,,,,,,,,,,,,,,,
105,中文常识：诗经,"下面这段内容出自诗经的哪一篇？请只回复包含完整分类结构的篇目名称，不要包含其他内容。例如：《周南·关雎》
---
彼采萧兮，一日不见，如三秋兮！",《王风·采葛》,,,,,,,,,,,,,,,,,,,,,,,,,,,,,,,,,,,,
106,中文常识：诗经,"下面这段内容出自诗经的哪一篇？请只回复包含完整分类结构的篇目名称，不要包含其他内容。例如：《周南·关雎》
---
有女同车，颜如舜华。",《郑风·有女同车》,,,,,,,,,,,,,,,,,,,,,,,,,,,,,,,,,,,,
107,中文常识：诗经,"下面这段内容出自诗经的哪一篇？请只回复包含完整分类结构的篇目名称，不要包含其他内容。例如：《周南·关雎》
---
人之多言，亦可畏也。",《郑风·将仲子》,,,,,,,,,,,,,,,,,,,,,,,,,,,,,,,,,,,,
108,中文常识：诗经,"下面这段内容出自诗经的哪一篇？请只回复包含完整分类结构的篇目名称，不要包含其他内容。例如：《周南·关雎》
---
风雨如晦，鸡鸣不已。既见君子，云胡不喜？",《郑风·风雨》,,,,,,,,,,,,,,,,,,,,,,,,,,,,,,,,,,,,
109,中文常识：诗经,"下面这段内容出自诗经的哪一篇？请只回复包含完整分类结构的篇目名称，不要包含其他内容。例如：《周南·关雎》
---
青青子衿，悠悠我心。",《郑风·子衿》,,,,,,,,,,,,,,,,,,,,,,,,,,,,,,,,,,,,
110,中文常识：诗经,"下面这段内容出自诗经的哪一篇？请只回复包含完整分类结构的篇目名称，不要包含其他内容。例如：《周南·关雎》
---
硕鼠硕鼠，无食我黍！",《魏风·硕鼠》,,,,,,,,,,,,,,,,,,,,,,,,,,,,,,,,,,,,
111,中文常识：诗经,"下面这段内容出自诗经的哪一篇？请只回复包含完整分类结构的篇目名称，不要包含其他内容。例如：《周南·关雎》
---
今夕何夕，见此良人。子兮子兮，如此良人何！",《唐风·绸缪》,,,,,,,,,,,,,,,,,,,,,,,,,,,,,,,,,,,,
112,中文常识：诗经,"下面这段内容出自诗经的哪一篇？请只回复包含完整分类结构的篇目名称，不要包含其他内容。例如：《周南·关雎》
---
岂曰无衣？与子同袍。",《秦风·无衣》,,,,,,,,,,,,,,,,,,,,,,,,,,,,,,,,,,,,
113,中文常识：诗经,"下面这段内容出自诗经的哪一篇？请只回复包含完整分类结构的篇目名称，不要包含其他内容。例如：《周南·关雎》
---
昔我往矣，杨柳依依。今我来思，雨雪霏霏。",《小雅·采薇》,,,,,,,,,,,,,,,,,,,,,,,,,,,,,,,,,,,,
114,中文常识：诗经,"下面这段内容出自诗经的哪一篇？请只回复包含完整分类结构的篇目名称，不要包含其他内容。例如：《周南·关雎》
---
哀哀父母，生我劬劳。",《小雅·蓼莪》,,,,,,,,,,,,,,,,,,,,,,,,,,,,,,,,,,,,
115,中文常识：诗经,"下面这段内容出自诗经的哪一篇？请只回复包含完整分类结构的篇目名称，不要包含其他内容。例如：《周南·关雎》
---
高山仰止，景行行止。",《小雅·车辖》,,,,,,,,,,,,,,,,,,,,,,,,,,,,,,,,,,,,
116,中文常识：诗经,"下面这段内容出自诗经的哪一篇？请只回复包含完整分类结构的篇目名称，不要包含其他内容。例如：《周南·关雎》
---
兄弟阋于墙，外御其侮。",《小雅·常棣》,,,,,,,,,,,,,,,,,,,,,,,,,,,,,,,,,,,,
117,中文常识：诗经,"下面这段内容出自诗经的哪一篇？请只回复包含完整分类结构的篇目名称，不要包含其他内容。例如：《周南·关雎》
---
战战兢兢，如临深渊，如履薄冰。",《小雅·小旻》,,,,,,,,,,,,,,,,,,,,,,,,,,,,,,,,,,,,
118,中文常识：诗经,"下面这段内容出自诗经的哪一篇？请只回复包含完整分类结构的篇目名称，不要包含其他内容。例如：《周南·关雎》
---
呦呦鹿鸣，食野之苹。我有嘉宾，鼓瑟吹笙。",《小雅·鹿鸣》,,,,,,,,,,,,,,,,,,,,,,,,,,,,,,,,,,,,
119,中文常识：诗经,"下面这段内容出自诗经的哪一篇？请只回复包含完整分类结构的篇目名称，不要包含其他内容。例如：《周南·关雎》
---
如月之恒，如日之升。",《小雅·天保》,,,,,,,,,,,,,,,,,,,,,,,,,,,,,,,,,,,,
120,中文常识：诗经,"下面这段内容出自诗经的哪一篇？请只回复包含完整分类结构的篇目名称，不要包含其他内容。例如：《周南·关雎》
---
他山之石，可以攻玉。",《小雅·鹤鸣》,,,,,,,,,,,,,,,,,,,,,,,,,,,,,,,,,,,,
121,中文常识：诗经,"下面这段内容出自诗经的哪一篇？请只回复包含完整分类结构的篇目名称，不要包含其他内容。例如：《周南·关雎》
---
鹤鸣于九皋，声闻于天。鱼在于渚，或潜在渊。",《小雅·鹤鸣》,,,,,,,,,,,,,,,,,,,,,,,,,,,,,,,,,,,,
122,中文常识：诗经,"下面这段内容出自诗经的哪一篇？请只回复包含完整分类结构的篇目名称，不要包含其他内容。例如：《周南·关雎》
---
投我以桃，报之以李。",《大雅·抑》,,,,,,,,,,,,,,,,,,,,,,,,,,,,,,,,,,,,
123,中文常识：诗经,"下面这段内容出自诗经的哪一篇？请只回复包含完整分类结构的篇目名称，不要包含其他内容。例如：《周南·关雎》
---
七月流火，九月授衣。",《豳风·七月》,,,,,,,,,,,,,,,,,,,,,,,,,,,,,,,,,,,,
124,中文常识：诗经,"下面这段内容出自诗经的哪一篇？请只回复包含完整分类结构的篇目名称，不要包含其他内容。例如：《周南·关雎》
---
靡不有初，鲜克有终。",《大雅·荡》,,,,,,,,,,,,,,,,,,,,,,,,,,,,,,,,,,,,
125,中文特性：语义理解,"以下是关于汉语同音异义词的选择题(附答案)。只用英文字母“ A”、“ B”回答问题，不要作任何解释。只用选项回复:
一天小鸭对小鸡表白:小鸡，我爱你。小鸡:你duck不必。这句话中的""duck""是什么意思？
A. 鸭子
B. 大可",['B'],,,,,,,,,,,,,,,,,,,,,,,,,,,,,,,,,,,,
126,中文特性：语义理解,"以下是关于汉语同音异义词的选择题(附答案)。只用英文字母“ A”、“ B”回答问题，不要作任何解释。只用选项回复:
丑的人才有对象，美的卖空调。这句话中的""美的""是什么意思？
A. 漂亮的
B. 空调公司",['B'],,,,,,,,,,,,,,,,,,,,,,,,,,,,,,,,,,,,
127,中文特性：语义理解,"以下是关于汉语同音异义词的选择题(附答案)。只用英文字母“ A”、“ B”回答问题，不要作任何解释。只用选项回复:
我是一只小绵羊，我今天剪毛了，我失绵了。这句话中的""失绵""表达意思？
A. 失眠
B. 没有了羊毛",['A'],,,,,,,,,,,,,,,,,,,,,,,,,,,,,,,,,,,,
128,中文特性：语义理解,"以下是关于汉语同音异义词的选择题(附答案)。只用英文字母“ A”、“ B”回答问题，不要作任何解释。只用选项回复:
以后我的吉祥物决定就是你了，螃蟹！——因为，你有钱（钳）。这句话中的""钳""是什么意思？
A. 有钱
B. 螃蟹的钳子",['A'],,,,,,,,,,,,,,,,,,,,,,,,,,,,,,,,,,,,
129,中文特性：语义理解,"以下是关于汉语同音异义词的选择题(附答案)。只用英文字母“ A”、“ B”回答问题，不要作任何解释。只用选项回复:
女孩对爸爸说""爸比，我们去哪啊""爸爸没听见，妈妈笑了一下，女孩对妈妈说""妈比，你笑什么""妈妈打了她一巴掌。妈妈为什么打她？
A. 她提出了不合理的要求
B. 她骂人了",['B'],,,,,,,,,,,,,,,,,,,,,,,,,,,,,,,,,,,,
130,中文特性：语义理解,"以下是关于汉语同音异义词的选择题(附答案)。只用英文字母“ A”、“ B”回答问题，不要作任何解释。只用选项回复:
天气这么热，我们总会熟的。这句话中的""熟的""是什么意思？
A. 热熟了
B. 熟悉了",['B'],,,,,,,,,,,,,,,,,,,,,,,,,,,,,,,,,,,,
131,中文特性：语义理解,"以下是关于汉语同音异义词的选择题(附答案)。只用英文字母“ A”、“ B”回答问题，不要作任何解释。只用选项回复:
我好像胖了，没事我陪你减肥，我们戒荤叭。这句话中的""戒荤""是什么意思？
A. 吃素食
B. 结婚",['B'],,,,,,,,,,,,,,,,,,,,,,,,,,,,,,,,,,,,
132,中文特性：语义理解,"以下是关于汉语同音异义词的选择题(附答案)。只用英文字母“ A”、“ B”回答问题，不要作任何解释。只用选项回复:
告诉你，我们可不是吃素的。这句话中的""吃素""是什么意思？
A. 不是好惹的
B. 吃素食的",['A'],,,,,,,,,,,,,,,,,,,,,,,,,,,,,,,,,,,,
133,中文特性：语义理解,"以下是关于汉语同音异义词的选择题(附答案)。只用英文字母“ A”、“ B”回答问题，不要作任何解释。只用选项回复:
你在干吗？关你peace。这句话中的""peace""是什么意思？
A. 屁事
B. 和平",['A'],,,,,,,,,,,,,,,,,,,,,,,,,,,,,,,,,,,,
134,中文特性：语义理解,"以下是关于汉语同音异义词的选择题(附答案)。只用英文字母“ A”、“ B”回答问题，不要作任何解释。只用选项回复:
今天是你们结婚的日子，祝愿你们battle偕老。这句话中的""battle""是什么意思？
A. 打架
B. 白头",['B'],,,,,,,,,,,,,,,,,,,,,,,,,,,,,,,,,,,,
135,中文特性：语义理解,"以下是关于汉语同音异义词的选择题(附答案)。只用英文字母“ A”、“ B”回答问题，不要作任何解释。只用选项回复:√我说我比较喜欢李白的诗，陆游气坏了，结果我家就没办法上网了。这句话表达的是什么意思？
A. 路由器坏了
B. 陆游生气了",['A'],,,,,,,,,,,,,,,,,,,,,,,,,,,,,,,,,,,,
136,中文特性：语义理解,"以下是关于汉语同音异义词的选择题(附答案)。只用英文字母“ A”、“ B”回答问题，不要作任何解释。只用选项回复:
连我都不理，那你理什么，理发吗？。这句话表达了什么意思？
A. 他生气了
B. 他要去理发",['A'],,,,,,,,,,,,,,,,,,,,,,,,,,,,,,,,,,,,
137,中文特性：语义理解,"以下是关于汉语同音异义词的选择题(附答案)。只用英文字母“ A”、“ B”回答问题，不要作任何解释。只用选项回复:
孙悟空的金箍棒不见了，去询问土地公公，孙悟空：""我的金箍棒在哪里？"" 土地公公：""大圣，你的金箍，棒就棒在特别配你的发型""。请问土地公公回答的对吗？
A. 不对
B. 对",['A'],,,,,,,,,,,,,,,,,,,,,,,,,,,,,,,,,,,,
138,中文特性：语义理解,"关于穿衣服，冬天能穿多少穿多少，夏天能穿多少穿多少。这句话中的“多少”是相同的意思吗？
A. 相同
B. 不同",['B'],,,,,,,,,,,,,,,,,,,,,,,,,,,,,,,,,,,,
139,中文特性：语义理解,"以下是关于汉语同音异义词的选择题(附答案)。只用英文字母“ A”、“ B”回答问题，不要作任何解释。只用选项回复:
剩女产生的原因有个：一是谁都看不上，二是谁都看不上。这句话中的""看不上""是相同的意思吗？
A. 相同
B. 不同",['B'],,,,,,,,,,,,,,,,,,,,,,,,,,,,,,,,,,,,
140,翻译：中译英,"给定一个文本表示，提供文本的英文翻译。除了翻译本身，你不能在输出中提供任何解释。你必须解释而不是逐字翻译，保留所有原始意思:
一位友好的哥谭市民","['Citizen Tan, a friendly taxi driver']",,,,,,,,,,,,,,,,,,,,,,,,,,,,,,,,,,,,
141,翻译：中译英,"给定一个文本表示，提供文本的英文翻译。除了翻译本身，你不能在输出中提供任何解释。你必须解释而不是逐字翻译，保留所有原始意思:
中不不建交是受印度的影响。",['The establishment of diplomatic relations between China and Bhutan is influenced by India.'],,,,,,,,,,,,,,,,,,,,,,,,,,,,,,,,,,,,
142,翻译：中译英,"给定一个文本表示，提供文本的英文翻译。除了翻译本身，你不能在输出中提供任何解释。你必须解释而不是逐字翻译，保留所有原始意思:
骑车差点摔跤，还好我一把把把把住了","['I almost fell off my bike, but luckily I managed to hold onto the handlebar.']",,,,,,,,,,,,,,,,,,,,,,,,,,,,,,,,,,,,
143,翻译：中译英,"给定一个文本表示，提供文本的英文翻译。除了翻译本身，你不能在输出中提供任何解释。你必须解释而不是逐字翻译，保留所有原始意思:
我背有点驼，妈妈说“你的背得背背背背佳","['I have a bit of a hunchback, and mom said, ""You need to use BeiBeiJia for your back.""']",,,,,,,,,,,,,,,,,,,,,,,,,,,,,,,,,,,,
144,翻译：中译英,"给定一个文本表示，提供文本的英文翻译。除了翻译本身，你不能在输出中提供任何解释。你必须解释而不是逐字翻译，保留所有原始意思:
祝你全家幸福！",['I wish you and your family happiness!'],,,,,,,,,,,,,,,,,,,,,,,,,,,,,,,,,,,,
145,翻译：中译英,"给定一个文本表示，提供文本的英文翻译。除了翻译本身，你不能在输出中提供任何解释。你必须解释而不是逐字翻译，保留所有原始意思:
郭麒麟刷牙选中华为的就是干净，速度快。","[""Guo Qilin chose Zhonghua toothpaste for brushing his teeth because it's clean and fast.""]",,,,,,,,,,,,,,,,,,,,,,,,,,,,,,,,,,,,
146,翻译：中译英,"给定一个文本表示，提供文本的英文翻译。除了翻译本身，你不能在输出中提供任何解释。你必须解释而不是逐字翻译，保留所有原始意思:
广州人和牲畜配种中心",['Guangzhou Renhe Livestock Breeding Center'],,,,,,,,,,,,,,,,,,,,,,,,,,,,,,,,,,,,
147,翻译：中译英,"给定一个文本表示，提供文本的英文翻译。除了翻译本身，你不能在输出中提供任何解释。你必须解释而不是逐字翻译，保留所有原始意思:
数学王子秦老师",['Mathematics teacher Wang Ziqin'],,,,,,,,,,,,,,,,,,,,,,,,,,,,,,,,,,,,
148,翻译：中译英,"给定一个文本表示，提供文本的英文翻译。除了翻译本身，你不能在输出中提供任何解释。你必须解释而不是逐字翻译，保留所有原始意思:
男子跳河轻生河水没过脖子。","['A man attempted suicide by jumping into a river, the water rose above his neck.']",,,,,,,,,,,,,,,,,,,,,,,,,,,,,,,,,,,,
149,翻译：中译英,"给定一个文本表示，提供文本的英文翻译。除了翻译本身，你不能在输出中提供任何解释。你必须解释而不是逐字翻译，保留所有原始意思:
一位漂亮的女孩说：今日本美女面色蜡黄，不适合上班。","['A beautiful girl said: Today, this beauty looks pale and is not fit for work.']",,,,,,,,,,,,,,,,,,,,,,,,,,,,,,,,,,,,
150,翻译：中译英,"给定一个文本表示，提供文本的英文翻译。除了翻译本身，你不能在输出中提供任何解释。你必须解释而不是逐字翻译，保留所有原始意思:
我们家热得快炸了。",['Our Fast Heat at home broke down.'],,,,,,,,,,,,,,,,,,,,,,,,,,,,,,,,,,,,
151,翻译：中译英,"给定一个文本表示，提供文本的英文翻译。除了翻译本身，你不能在输出中提供任何解释。你必须解释而不是逐字翻译，保留所有原始意思:
你去班上数数数数数不好的有多少","[""Go to the class and count how many can't even count properly.""]",,,,,,,,,,,,,,,,,,,,,,,,,,,,,,,,,,,,
152,翻译：中译英,"给定一个文本表示，提供文本的英文翻译。除了翻译本身，你不能在输出中提供任何解释。你必须解释而不是逐字翻译，保留所有原始意思:
只有小孩才说喝茶，成人用品","['Only children say ""drink tea"", adults say ""taste tea"".']",,,,,,,,,,,,,,,,,,,,,,,,,,,,,,,,,,,,
153,翻译：中译英,"给定一个文本表示，提供文本的英文翻译。除了翻译本身，你不能在输出中提供任何解释。你必须解释而不是逐字翻译，保留所有原始意思:
汉黄香九岁温席奉亲。","[""Huang Xiang of the Han Dynasty warmed her parents' quilt with her body.""]",,,,,,,,,,,,,,,,,,,,,,,,,,,,,,,,,,,,
154,翻译：中译英,"给定一个文本表示，提供文本的英文翻译。除了翻译本身，你不能在输出中提供任何解释。你必须解释而不是逐字翻译，保留所有原始意思:
华强答应郝哥买瓜。",['Huaqiang promised Brother Hao to buy melons.'],,,,,,,,,,,,,,,,,,,,,,,,,,,,,,,,,,,,
155,翻译：中译英,"给定一个文本表示，提供文本的英文翻译。除了翻译本身，你不能在输出中提供任何解释。你必须解释而不是逐字翻译，保留所有原始意思:
这车是卖书的。",['This vehicle belongs to the book seller.'],,,,,,,,,,,,,,,,,,,,,,,,,,,,,,,,,,,,
156,翻译：中译英,"给定一个文本表示，提供文本的英文翻译。除了翻译本身，你不能在输出中提供任何解释。你必须解释而不是逐字翻译，保留所有原始意思:
你什么时候都可以来，但就是我方便的时候不能来。","[""You can come anytime, but you can't come when I go to the toilet.""]",,,,,,,,,,,,,,,,,,,,,,,,,,,,,,,,,,,,
157,翻译：中译英,"给定一个文本表示，提供文本的英文翻译。除了翻译本身，你不能在输出中提供任何解释。你必须解释而不是逐字翻译，保留所有原始意思:
没有秃顶的人没有秃顶的人厉害。",['People who are not bald are not as good as people who are bald.'],,,,,,,,,,,,,,,,,,,,,,,,,,,,,,,,,,,,
158,翻译：中译英,"给定一个文本表示，提供文本的英文翻译。除了翻译本身，你不能在输出中提供任何解释。你必须解释而不是逐字翻译，保留所有原始意思:
请不同意不下课的同学不要不举手。","[""Please don't raise your hands if you disagree with not ending the class.""]",,,,,,,,,,,,,,,,,,,,,,,,,,,,,,,,,,,,
159,翻译：中译英,"给定一个文本表示，提供文本的英文翻译。除了翻译本身，你不能在输出中提供任何解释。你必须解释而不是逐字翻译，保留所有原始意思:
海水朝朝朝朝朝朝朝落。","['The seawater rises with the tide, rising every morning, rising and falling every day.']",,,,,,,,,,,,,,,,,,,,,,,,,,,,,,,,,,,,
160,翻译：中译英,"给定一个文本表示，提供文本的英文翻译。除了翻译本身，你不能在输出中提供任何解释。你必须解释而不是逐字翻译，保留所有原始意思:
浮云长长长长长长长消。","['The floating clouds spread, often spreading everywhere, frequently dissipating and fading away.']",,,,,,,,,,,,,,,,,,,,,,,,,,,,,,,,,,,,
161,中文特性：发音,"下面这句话中是否存在发音一样的中文单词（两个汉字及以上），若存在返回是，若不存在返回否。你只需要输出`是`或者`否` 
由于她最近在减肥，所以她今晚上决定不吃鱿鱼了。",['是'],,,,,,,,,,,,,,,,,,,,,,,,,,,,,,,,,,,,
162,中文特性：发音,"下面这句话中是否存在发音一样的中文单词（两个汉字及以上），若存在返回是，若不存在返回否。你只需要输出`是`或者`否` 
他最近在出差。",['否'],,,,,,,,,,,,,,,,,,,,,,,,,,,,,,,,,,,,
163,中文特性：发音,"下面这句话中是否存在发音一样的中文单词（两个汉字及以上），若存在返回是，若不存在返回否。你只需要输出`是`或者`否` 
欲穷千里目，更上一层楼。",['否'],,,,,,,,,,,,,,,,,,,,,,,,,,,,,,,,,,,,
164,中文特性：发音,"下面这句话中是否存在发音一样的中文单词（两个汉字及以上），若存在返回是，若不存在返回否。你只需要输出`是`或者`否` 
他给她送回家了",['否'],,,,,,,,,,,,,,,,,,,,,,,,,,,,,,,,,,,,
165,中文特性：发音,下面这句话中是否存在发音一样的中文单词（两个汉字及以上），若存在返回是，若不存在返回否。你只需要输出`是`或者`否` 现在电视里面演的是一场清朝的殿试。,['是'],,,,,,,,,,,,,,,,,,,,,,,,,,,,,,,,,,,,
166,中文特性：发音,"下面这句话中是否存在发音一样的中文单词（两个汉字及以上），若存在返回是，若不存在返回否。你只需要输出`是`或者`否` 
这家初创公司发布的新产品原型是一个圆形的扫地机器人。",['是'],,,,,,,,,,,,,,,,,,,,,,,,,,,,,,,,,,,,
167,中文特性：发音,"下面这句话中是否存在发音一样的中文单词（两个汉字及以上），若存在返回是，若不存在返回否。你只需要输出`是`或者`否` 
这个网站的会员太贵了，比另外一家的贵。",['否'],,,,,,,,,,,,,,,,,,,,,,,,,,,,,,,,,,,,
168,中文特性：发音,"下面这句话中是否存在发音一样的中文单词（两个汉字及以上），若存在返回是，若不存在返回否。你只需要输出`是`或者`否` 
他在农村生活，每天都要自己生火做饭。",['否'],,,,,,,,,,,,,,,,,,,,,,,,,,,,,,,,,,,,
169,中文特性：发音,"下面这句话中是否存在发音一样的中文单词（两个汉字及以上），若存在返回是，若不存在返回否。你只需要输出`是`或者`否` 
他在超级猩猩的徐汇区运动群里面，看到了一个昵称叫星星的女孩。",['是'],,,,,,,,,,,,,,,,,,,,,,,,,,,,,,,,,,,,
170,中文特性：发音,"下面这句话中是否存在发音一样的中文单词（两个汉字及以上），若存在返回是，若不存在返回否。你只需要输出`是`或者`否` 
华北工业电机厂新的行政楼会在6月20日举行奠基仪式。",['是'],,,,,,,,,,,,,,,,,,,,,,,,,,,,,,,,,,,,
171,中文特性：发音,"下面这句话中是否存在发音一样的中文单词（两个汉字及以上），若存在返回是，若不存在返回否。你只需要输出`是`或者`否` 
坏人是一个聋子，把男主锁在了笼子里。",['是'],,,,,,,,,,,,,,,,,,,,,,,,,,,,,,,,,,,,
172,中文特性：发音,"下面这句话中是否存在发音一样的中文单词（两个汉字及以上），若存在返回是，若不存在返回否。你只需要输出`是`或者`否` 
知名医生张教授说过，人的一生其实很短暂。",['是'],,,,,,,,,,,,,,,,,,,,,,,,,,,,,,,,,,,,
173,中文特性：发音,"下面这句话中是否存在发音一样的中文单词（两个汉字及以上），若存在返回是，若不存在返回否。你只需要输出`是`或者`否` 
老宋忘了晚上有约会，当他赶到的时候女孩已经先走了，他感到很自责。",['是'],,,,,,,,,,,,,,,,,,,,,,,,,,,,,,,,,,,,
174,中文特性：发音,"下面这句话中是否存在发音一样的中文单词（两个汉字及以上），若存在返回是，若不存在返回否。你只需要输出`是`或者`否` 
他们在玩的游戏是掼蛋，小明抓完牌了说这把有戏。",['否'],,,,,,,,,,,,,,,,,,,,,,,,,,,,,,,,,,,,
175,中文特性：发音,"下面这句话中是否存在发音一样的中文单词（两个汉字及以上），若存在返回是，若不存在返回否。你只需要输出`是`或者`否` 
黄土坡派出所的警察在接到报案后，来找小区的保安调取监控。",['否'],,,,,,,,,,,,,,,,,,,,,,,,,,,,,,,,,,,,
176,中文特性：发音,"下面这句话中是否存在发音一样的中文单词（两个汉字及以上），若存在返回是，若不存在返回否。你只需要输出`是`或者`否` 
要是你不答应，晚上我就饿着。",['否'],,,,,,,,,,,,,,,,,,,,,,,,,,,,,,,,,,,,
177,中文特性：发音,"下面这句话中是否存在发音一样的中文单词（两个汉字及以上），若存在返回是，若不存在返回否。你只需要输出`是`或者`否` 
生活像一把无情的雕刻刀，改变了我们的样子。",['否'],,,,,,,,,,,,,,,,,,,,,,,,,,,,,,,,,,,,
178,中文特性：发音,"下面这句话中是否存在发音一样的中文单词（两个汉字及以上），若存在返回是，若不存在返回否。你只需要输出`是`或者`否` 
我没什么功利心，我要的是大量的空闲时间，能读书、看电视、想想事，我已经有了，应该知足了。",['否'],,,,,,,,,,,,,,,,,,,,,,,,,,,,,,,,,,,,
179,中文特性：发音,"下面这句话中是否存在发音一样的中文单词（两个汉字及以上），若存在返回是，若不存在返回否。你只需要输出`是`或者`否` 
他听着雨花隐隐约约地飘落，慢慢地睡着了，雨花穿过窗外轻轻地落下，落到所有的生者和死者身上。",['否'],,,,,,,,,,,,,,,,,,,,,,,,,,,,,,,,,,,,
180,中文特性：发音,"下面这句话中是否存在发音一样的中文单词（两个汉字及以上），若存在返回是，若不存在返回否。你只需要输出`是`或者`否` 
厦门大学临海而建，内拥穿过芙蓉隧道，6月是这个城市一年中最美的时候，红红绿绿点缀中更显韵味，一定要去看那“凤凰花开的路口”。",['否'],,,,,,,,,,,,,,,,,,,,,,,,,,,,,,,,,,,,
181,中文常识：楚辞,"下面这段内容出自哪篇楚辞？请仅回复楚辞名。 例如：《离骚》
---
民生各有所乐兮，余独好修以为常。",['《离骚》'],,,,,,,,,,,,,,,,,,,,,,,,,,,,,,,,,,,,
182,中文常识：楚辞,"下面这段内容出自哪篇楚辞？请仅回复楚辞名。 例如：《离骚》
---
何方圆之能周兮，夫孰异道而相安？",['《离骚》'],,,,,,,,,,,,,,,,,,,,,,,,,,,,,,,,,,,,
183,中文常识：楚辞,"下面这段内容出自哪篇楚辞？请仅回复楚辞名。 例如：《离骚》
---
沅有茝兮澧有兰，思公子兮未敢言。",['《九歌·湘夫人》'],,,,,,,,,,,,,,,,,,,,,,,,,,,,,,,,,,,,
184,中文常识：楚辞,"下面这段内容出自哪篇楚辞？请仅回复楚辞名。 例如：《离骚》
---
时不可兮骤得，聊逍遥兮容与。",['《九歌·湘夫人》'],,,,,,,,,,,,,,,,,,,,,,,,,,,,,,,,,,,,
185,中文常识：楚辞,"下面这段内容出自哪篇楚辞？请仅回复楚辞名。 例如：《离骚》
---
愁人兮奈何，愿若今兮无亏。固人命兮有当，孰离合兮可为。",['《九歌·大司命》'],,,,,,,,,,,,,,,,,,,,,,,,,,,,,,,,,,,,
186,中文常识：楚辞,"下面这段内容出自哪篇楚辞？请仅回复楚辞名。 例如：《离骚》
---
怨公子兮怅忘归，君思我兮不得闲。",['《九歌·山鬼》'],,,,,,,,,,,,,,,,,,,,,,,,,,,,,,,,,,,,
187,中文常识：楚辞,"下面这段内容出自哪篇楚辞？请仅回复楚辞名。 例如：《离骚》
---
身既死兮神以灵，魂魄毅兮为鬼雄。",['《九歌·国殇》'],,,,,,,,,,,,,,,,,,,,,,,,,,,,,,,,,,,,
188,中文常识：楚辞,"下面这段内容出自哪篇楚辞？请仅回复楚辞名。 例如：《离骚》
---
芳与泽其杂糅兮，羌芳华自中出。",['《九章·思美人》'],,,,,,,,,,,,,,,,,,,,,,,,,,,,,,,,,,,,
189,中文常识：楚辞,"下面这段内容出自哪篇楚辞？请仅回复楚辞名。 例如：《离骚》
---
世溷浊而不清，蝉翼为重，千钧为轻。黄钟毁弃，瓦釜雷鸣。谗人高张，贤士无名。",['《卜居》'],,,,,,,,,,,,,,,,,,,,,,,,,,,,,,,,,,,,
190,中文常识：楚辞,"下面这段内容出自哪篇楚辞？请仅回复楚辞名。 例如：《离骚》
---
夫尺有所短，寸有所长；物有所不足，智有所不明；数有所不逮，神有所不通。",['《卜居》'],,,,,,,,,,,,,,,,,,,,,,,,,,,,,,,,,,,,
191,中文常识：楚辞,"下面这段内容出自哪篇楚辞？请仅回复楚辞名。 例如：《离骚》
---
举世皆浊我独清，众人皆醉我独醒，是以见放。",['《渔父》'],,,,,,,,,,,,,,,,,,,,,,,,,,,,,,,,,,,,
192,中文常识：楚辞,"下面这段内容出自哪篇楚辞？请仅回复楚辞名。 例如：《离骚》
---
新沐者必弹冠，新浴者必振衣。",['《渔父》'],,,,,,,,,,,,,,,,,,,,,,,,,,,,,,,,,,,,
193,中文常识：楚辞,"下面这段内容出自哪篇楚辞？请仅回复楚辞名。 例如：《离骚》
---
悲哉秋之为气也！萧瑟兮草木摇落而变衰。",['《九辩》'],,,,,,,,,,,,,,,,,,,,,,,,,,,,,,,,,,,,
194,中文常识：楚辞,"下面这段内容出自哪篇楚辞？请仅回复楚辞名。 例如：《离骚》
---
苏世独立，横而不流兮。",['《橘颂》'],,,,,,,,,,,,,,,,,,,,,,,,,,,,,,,,,,,,
195,中文常识：楚辞,"下面这段内容出自哪篇楚辞？请仅回复楚辞名。 例如：《离骚》
---
善不由外来兮，名不可以虚作。",['《九章·抽思》'],,,,,,,,,,,,,,,,,,,,,,,,,,,,,,,,,,,,
196,中文常识：古代诗歌,"谁是下面这首诗的作者？请仅回复作者的名字。
---
挂席东南望，青山水国遥。舳舻争利涉，来往接风潮。问我今何适？天台访石桥。坐看霞色晓，疑是赤城标。",['孟浩然'],,,,,,,,,,,,,,,,,,,,,,,,,,,,,,,,,,,,
197,中文常识：古代诗歌,"谁是下面这首诗的作者？请仅回复作者的名字。
---
故人具鸡黍，邀我至田家。绿树村边合，青山郭外斜。开轩面场圃，把酒话桑麻。待到重阳日，还来就菊花。",['孟浩然'],,,,,,,,,,,,,,,,,,,,,,,,,,,,,,,,,,,,
198,中文常识：古代诗歌,"谁是下面这首诗的作者？请仅回复作者的名字。
---
长相思，在长安。络纬秋啼金井阑，微霜凄凄簟色寒。孤灯不明思欲绝，卷帷望月空长叹。美人如花隔云端。上有青冥之高天，下有渌水之波澜。天长路远魂飞苦，梦魂不到关山难。长相思，摧心肝。",['李白'],,,,,,,,,,,,,,,,,,,,,,,,,,,,,,,,,,,,
199,中文常识：古代诗歌,"谁是下面这首诗的作者？请仅回复作者的名字。
---
白酒新熟山中归，黄鸡啄黍秋正肥。呼童烹鸡酌白酒，儿女嬉笑牵人衣。高歌取醉欲自慰，起舞落日争光辉。游说万乘苦不早，著鞭跨马涉远道。会稽愚妇轻买臣，余亦辞家西入秦。仰天大笑出门去，我辈岂是蓬蒿人！",['李白'],,,,,,,,,,,,,,,,,,,,,,,,,,,,,,,,,,,,
200,中文常识：古代诗歌,"谁是下面这首诗的作者？请仅回复作者的名字。
---
汉家青史上，计拙是和亲。社稷依明主，安危托妇人。岂能将玉貌，便拟静胡尘。地下千年骨，谁为辅佐臣。",['戎昱'],,,,,,,,,,,,,,,,,,,,,,,,,,,,,,,,,,,,
201,中文常识：古代诗歌,"谁是下面这首诗的作者？请仅回复作者的名字。
---
花隐掖垣暮，啾啾栖鸟过。星临万户动，月傍九霄多。不寝听金钥，因风想玉珂。明朝有封事，数问夜如何。",['杜甫'],,,,,,,,,,,,,,,,,,,,,,,,,,,,,,,,,,,,
202,中文常识：古代诗歌,"谁是下面这首诗的作者？请仅回复作者的名字。
---
锦里先生乌角巾，园收芋栗未全贫。惯看宾客儿童喜，得食阶除鸟雀驯。秋水才深四五尺，野航恰受两三人。白沙翠竹江村暮，相送柴门月色新。",['杜甫'],,,,,,,,,,,,,,,,,,,,,,,,,,,,,,,,,,,,
203,中文常识：古代诗歌,"谁是下面这首诗的作者？请仅回复作者的名字。
---
清秋幕府井梧寒，独宿江城蜡炬残。永夜角声悲自语，中天月色好谁看？风尘荏苒音书绝，关塞萧条行路难。已忍伶俜十年事，强移栖息一枝安。",['杜甫'],,,,,,,,,,,,,,,,,,,,,,,,,,,,,,,,,,,,
204,中文常识：古代诗歌,"谁是下面这首诗的作者？请仅回复作者的名字。
---
故园东望路漫漫，双袖龙钟泪不干。马上相逢无纸笔，凭君传语报平安。",['岑参'],,,,,,,,,,,,,,,,,,,,,,,,,,,,,,,,,,,,
205,中文常识：古代诗歌,"谁是下面这首诗的作者？请仅回复作者的名字。
---
静夜四无邻，荒居旧业贫。雨中黄叶树，灯下白头人。以我独沉久，愧君相见频。平生自有分，况是蔡家亲。",['司空曙'],,,,,,,,,,,,,,,,,,,,,,,,,,,,,,,,,,,,
206,中文常识：古代诗歌,"谁是下面这首诗的作者？请仅回复作者的名字。
---
荆山已去华山来，日出潼关四扇开。刺史莫辞迎候远，相公新破蔡州回。",['韩愈'],,,,,,,,,,,,,,,,,,,,,,,,,,,,,,,,,,,,
207,中文常识：古代诗歌,"谁是下面这首诗的作者？请仅回复作者的名字。
---
南浦凄凄别，西风袅袅秋。一看肠一断，好去莫回头。",['白居易'],,,,,,,,,,,,,,,,,,,,,,,,,,,,,,,,,,,,
208,中文常识：古代诗歌,"谁是下面这首诗的作者？请仅回复作者的名字。
---
倚杖望晴雪，溪云几万重。樵人归白屋，寒日下危峰。野火烧冈草，断烟生石松。却回山寺路，闻打暮天钟。",['贾岛'],,,,,,,,,,,,,,,,,,,,,,,,,,,,,,,,,,,,
209,中文常识：古代诗歌,"谁是下面这首诗的作者？请仅回复作者的名字。
---
晨起动征铎，客行悲故乡。鸡声茅店月，人迹板桥霜。槲叶落山路，枳花明驿墙。因思杜陵梦，凫雁满回塘。",['温庭筠'],,,,,,,,,,,,,,,,,,,,,,,,,,,,,,,,,,,,
210,中文常识：古代诗歌,"谁是下面这首诗的作者？请仅回复作者的名字。
---
孤灯照不寐，风雨满西林。多少关心事，书灰到夜深。",['李群玉'],,,,,,,,,,,,,,,,,,,,,,,,,,,,,,,,,,,,
211,社会科学：高中地理,"中国实行可持续发展的核心是：____
A:发展是关键
B:经济增长为主
C:人民生活水平提高
D:自然资源合理利用B.季节性特点",A,"答案选项 A 是正确的。中国实行可持续发展的核心是 **发展是关键**。

以下是各选项的解释：

A: **发展是关键** - 在中国的可持续发展策略中，""发展""是核心。这是因为只有经济社会发展，才能解决贫困、环境和其他社会问题，使人类社会持续健康发展。

B: **经济增长为主** - 这个选项过于狭隘。虽然经济增长是重要的，但可持续发展不仅仅是经济增长。它还包括社会发展和环境保护。

C: **人民生活水平提高** - 人民生活水平的提高是可持续发展的目标之一，但不是其核心。核心是通过发展达到经济、社会和环境的均衡。

D: **自然资源合理利用** - 这是可持续发展的一种方法，但并非其核心。核心是如何通过合理的方式实现经济、社会和环境的持续发展。

因此，中国实行可持续发展的核心是 ""发展是关键""，答案是选项 A。",,,,,,,,,,,,,,,,,,,,,,,,,,,,,,,,,,,
212,社会科学：高中地理,"采用下玻璃温室生产蔬菜、花卉，属于农业分类中的：____
A:粗放农业
B:自给农业
C:种植园农业
D:密集农业",D,"答案选项 D 是正确的。采用大棚、温室等设施进行蔬菜、花卉生产，属于农业分类中的 **密集农业**。

以下是各选项的解释：

A: **粗放农业** - 这种类型的农业主要依赖自然资源，如土地和气候，而不是人力或机械。它通常在土地广阔、人口稀少的地区进行，例如畜牧业。

B: **自给农业** - 这是一种主要供给农户自身需要的农业类型，产品主要用于自家消费，而不是出售。这种类型的农业通常在较为贫穷或偏远的地区较为常见。

C: **种植园农业** - 这是一种大规模种植单一作物（如茶、咖啡、糖 cane、香蕉、棕榈、橡胶等）的农业类型，常见于热带地区。

D: **密集农业** - 这是一种高投入、高产出的农业类型，通常在土地稀缺、人口密集的地区进行，如日本、荷兰和以色列。采用大棚、温室等设施进行蔬菜、花卉生产，就是密集农业的典型。

因此，采用大棚、温室等设施进行蔬菜、花卉生产，属于农业分类中的 ""密集农业""，答案是选项 D。",,,,,,,,,,,,,,,,,,,,,,,,,,,,,,,,,,,
213,理工科学：计算机网络,"使用位填充方法，以01111110为位首flag，数据为011011111111111111110010，求问传送时要添加几个0____
A:1
B:2
C:3
D:4",C,"答案是 **C: 3**。

在数据通信中，位填充（bit stuffing）是一种数据传输技术，用于区分数据帧的开始和结束标志位与数据本身。在这个例子中，数据帧的开始和结束标志位（flag）是01111110。

根据位填充的规则，当数据中出现与标志位相同或类似的模式（即连续的1）时，必须在这些模式之后插入一个0，以防止接收端将其误解为标志位。

在给定的数据011011111111111111110010中，我们可以看到有两处连续的五个1。按照位填充的规则，我们需要在这两处连续的1后面各插入一个0。因此，需要插入的0的总数是2。

但是注意到，插入第一个0之后，原本的第二个五个1的位置就变成了六个1，所以还需要在这个六个1后面再插入一个0。所以总共要插入的0的数量就变为3。

因此，答案是 **C: 3**。",,,,,,,,,,,,,,,,,,,,,,,,,,,,,,,,,,,
214,理工科学：计算机网络,"在802.3标准中，发送帧之前需要____
A:等待冲突
B:等待令牌
C:监听介质
D:接受一个帧",C,"答案是 C: 监听介质。

在IEEE 802.3（以太网）标准中，一个节点在发送数据帧之前必须先检查网络介质是否空闲。这种方法被称为 载波侦听多路访问/碰撞检测（CSMA/CD，Carrier Sense Multiple Access/Collision Detection）。其工作原理如下：

载波侦听（Carrier Sense）：每个节点在发送数据之前都要监听网络以检查是否有其他节点在发送数据。如果线路忙（其他节点正在发送数据），那么节点会等待直到线路变为空闲。

多路访问（Multiple Access）：在一个以太网段中，所有的节点都可以尝试发送数据，也就是说，所有的节点都可以访问到网络介质。

碰撞检测（Collision Detection）：如果两个节点几乎同时开始发送数据，将会发生碰撞。在以太网中，如果检测到碰撞，那么正在发送数据的节点会立即停止发送，然后等待一段随机的时间后再尝试重新发送。

因此，""监听介质"" 这个答案是正确的，因为在发送数据帧之前，节点必须首先确保网络介质当前是空闲的",,,,,,,,,,,,,,,,,,,,,,,,,,,,,,,,,,,
215,社会科学：大学经济学,"在完全竞争厂商的短期均衡产量上，AR小于SAC但大于AVC，则厂商____
A:亏损，立即停产
B:亏损，但应继续生产
C:亏损，生产或不生产都可以
D:获得正常利润，继续生产",B,"答案是 **B: 亏损，但应继续生产**

在这个情况下，厂商的平均收入 (Average Revenue, AR) 小于其短期平均总成本 (Short-run Average Cost, SAC)，这意味着厂商在每个单位的产品上都在亏损。然而，由于平均收入仍然大于平均可变成本 (Average Variable Cost, AVC)，这意味着厂商的收入足以覆盖所有的可变成本，可能还能覆盖一部分固定成本。

在这种情况下，尽管厂商现在正在亏损，但是，只要它的收入能够超过其可变成本，就应该继续生产。因为，如果厂商选择停产，它将无法覆盖任何成本，而会损失所有的固定成本。相反，如果厂商选择继续生产，它至少可以覆盖一部分固定成本。

所以，答案是 B: 亏损，但应继续生产。",,,,,,,,,,,,,,,,,,,,,,,,,,,,,,,,,,,
216,社会科学：大学经济学,"在一般情况下，供给曲线____
A:向右上方倾斜
B:向右下方倾斜
C:斜率为正
D:斜率为负",C,"答案是 **C: 斜率为正**

在经济学中，供给曲线通常向右上方倾斜，这意味着曲线的斜率为正。以下是对每个选项的解释：

- **A: 向右上方倾斜**：这通常是供给曲线的特性。随着价格的上升，生产者愿意提供更多的商品或服务，因此供给量增加。

- **B: 向右下方倾斜**：这通常是需求曲线的特性，而不���供给曲线。随着价格的上升，消费者购买的商品或服务数量通常会减少，因此需求量减少。

- **C: 斜率为正**：这是供给曲线的特性。供给曲线通常具有正斜率，表示价格上升时供给量也会上升。

- **D: 斜率为负**：这通常是需求曲线的特性，而不是供给曲线。需求曲线的斜率通常为负，表示价格上升时需求量会下降。

所以，答案是 C: 斜率为正。",,,,,,,,,,,,,,,,,,,,,,,,,,,,,,,,,,,
217,理工科学：初中生物,"运用适当的方法可以保存食品。将新鲜蘑菇制成干蘑菇采用的保存方法是____
A:低温冷藏
B:真空包装
C:脱水法
D:添加防腐剂",C,"答案是 **C: 脱水法**

**解释**：

当我们谈到将新鲜蘑菇制成干蘑菇时，我们是在谈论一种叫做脱水的保存方法。脱水是一种通过去除食品中的水分来防止细菌生长的方法，从而延长食品的保质期。

蘑菇中的水分含量非常高，通常在90%左右。通过脱水，我们可以显著减少蘑菇中的水分，使其变干，从而防止细菌的生长。这种方法不但可以保存蘑菇，还可以保留其营养成分和风味。

以下是脱水蘑菇的一些优点：

- **保存期长**：脱水后的蘑菇可以在适当的存储条件下保存很长时间，而不会变质。
- **便于存储和运输**：脱水后的蘑菇体积小，重量轻，便于存储和运输。
- **保持营养价值**：适当的脱水方法可以尽量保留蘑菇的营养价值。

因此，将新鲜蘑菇制成干蘑菇的保存方法是脱水法。",,,,,,,,,,,,,,,,,,,,,,,,,,,,,,,,,,,
218,理工科学：初中生物,"动物能促进生态系统中的物质循环．这里的“物质循环”是指____
A:动物能将无机物转化为有机物
B:动物能将有机物转化为无机物回到自然界中
C:动物能为植物提供粪便，促进植物生长
D:动物能抑制植物的生长，保护自然界中生物的平衡",B,"答案是 **B: 动物能将有机物转化为无机物回到自然界中**

**解释**：

""物质循环""在生态系统中是一个关键概念，它描述的是生态系统中各种元素和化合物如何在生物和环境之间循环转化的过程。在这个过程中，动物起着至关重要的作用。

当动物吃食物时，他们摄取食物中的有机物，这些有机物包括蛋白质、脂肪和碳水化合物等。当动物进行呼吸和新陈代谢的时候，这些有机物会被转化为无机物，如二氧化碳、水和尿素等。这些无机物会被排泄出体外，回到环境中，进入土壤和水体，为植物吸收利用，再次转化为有机物，从而完成物质的循环。

因此，动物在生态系统的物质循环中，起着将有机物转化为无机物回到自然界中的重要角色。",,,,,,,,,,,,,,,,,,,,,,,,,,,,,,,,,,,
219,其他科学：体育学,"在极限强度运动中，肌肉中的ATP和CP在多少秒内就几乎耗竭____
A:15
B:30
C:10
D:20",C,"答案是 **C: 10**

**解释**：

在强度极高的运动中，肌肉中的ATP（腺苷三磷酸）和CP（磷酸肌酸）供应的能量可以支持大约10秒的极限运动。

ATP和CP是肌肉能量代谢的两个关键分子。ATP是肌肉收缩的直接能源，而CP则作为ATP的储备，可以迅速再生ATP来提供能量。

在极限强度运动开始的瞬间，比如短距离冲刺或举重，肌肉会依赖ATP和CP提供的能量。然而，ATP和CP储备有限，通常在10秒左右就会几乎耗竭。此后，体内需要通过其他能量代谢途径，如糖酵解或氧气呼吸，来再生ATP并维持肌肉活动。",,,,,,,,,,,,,,,,,,,,,,,,,,,,,,,,,,,
220,其他科学：体育学,"决定VO2max的外周机制是____
A:肌纤维组成
B:有氧代谢能力
C:肌组织利用氧的能力
D:氧运输系统的机能",C,"答案是 **C: 肌组织利用氧的能力**

**分析**：

VO2max是衡量个体最大有氧代谢能力的指标，表示在单位时间内，个体能够最大吸收、运输和利用的氧气量。它是由两个主要因素决定的，一个是中心机制（心肺系统的氧气输送能力），另一个是外周机制（肌组织利用氧的能力）。

在这四个选项中：

- **A: 肌纤维组成**：影响个体的力量和耐力，但并不直接决定VO2max。
- **B: 有氧代谢能力**：这更多的是VO2max的结果，而非决定因素。
- **C: 肌组织利用氧的能力**：这是外周机制的核心，直接影响VO2max。肌细胞内的线粒体数量和效率，以及氧化酵解系统的能力，都决定了肌组织对氧的利用能力。
- **D: 氧运输系统的机能**：这更多的是与决定VO2max的中心机制有关，包括心脏的泵血能力，血液的携氧能力等。

因此，决定VO2max的外周机制是肌组织利用氧的能力。",,,,,,,,,,,,,,,,,,,,,,,,,,,,,,,,,,,
221,其他科学：注册城乡规划师,"对于固体污染物的控制规划内容，不够突出的是____。
A:电子污染物
B:生活垃圾
C:医疗废物
D:工业固体废物",A,"答案选项 A 是正确的。在固体污染物的控制规划内容中，**电子污染物**的问题可能并未得到足够的突出。

以下是各选项的解释：

A: **电子污染物** - 电子废弃物（电子垃圾）主要来自废弃的电子产品和电子设备，如电脑、手机、电视机、冰箱等。这类废弃物含有多种有害物质，如铅、镉、汞等重金属和有机污染物，对环境和人体健康构成威胁。然而，在许多地方，对电子垃圾的管理和处理并未得到足够的重视。

B: **生活垃圾** - 这是固体污染物控制的重要部分，包括生活中产生的各种废弃物。许多地方已经实施了生活垃圾分类和回收政策，以减少对环境的影响。

C: **医疗废物** - 医疗废物是医疗活动中产生的废弃物，包括废弃的药品、注射器和其他医疗设备等。对医疗废物的管理是固体污染物控制的重要部分，许多地方已经实施了严格的医疗废物处理规定。

D: **工业固体废物** - 工业固体废物主要来自工业生产过程中产生的废弃物，如废弃的化学物质、金属屑、塑料碎片等。对工业固体废物的管理和处置是固体污染物控制的重要部分。

因此，在固体污染物的控制规划内容中，可能没有足够突出的是 ""电子污染物""，答案是选项 A。",,,,,,,,,,,,,,,,,,,,,,,,,,,,,,,,,,,
222,其他科学：注册城乡规划师,"竖向设计设计标高中，当建筑物无进车道时，一般室内地坪比室外地坪面高出____
A:0.30～0.90m
B:0.45～0.60m
C:0.25～0.30m
D:0.25～0.35m",B,"答案选项 B 是正确的。在竖向设计中，如果建筑物没有进车道，室内地坪一般比室外地坪面**高出0.45～0.60m**。

以下是各选项的解释：

A: **0.30～0.90m** - 这个高程差距范围过大，并不符合一般的建筑设计规范。

B: **0.45～0.60m** - 这是一般建筑设计中采用的标准。将室内地坪设定在比室外地坪高出0.45～0.60m的位置，可以防止雨水等液体流入室内，同时便于进出。

C: **0.25～0.30m** - 这个高程差距范围可能对于某些特定的设计或者地域可能适用，但不是一般的标准。

D: **0.25～0.35m** - 这个高程差距范围可能对于某些特定的设计或者地域可能适用，但不是一般的标准。

因此，在竖向设计中，如果建筑物没有进车道，室内地坪一般比室外地坪面高出0.45～0.60m，答案是选项 B。",,,,,,,,,,,,,,,,,,,,,,,,,,,,,,,,,,,
223,社会科学：初中政治,"近日，泰州首个“泰有礼”主题街在海陵区城北街道正式亮相。主题街上设立的文明新风展示牌和主题雕像，传递着爱国爱家、礼让谦恭、诚信做事的中华传统美德。“泰有礼”主题街的设立有利于____

①提升市民的文明素质  ②增强民族文化认同感
③重塑政府的良好形象  ④优化城市的人文环境
A:①④
B:①②④
C:①②
D:②③④",B,"答案是 **B: ①②④**。

让我们分析一下每个选项：

① **提升市民的文明素质**：""泰有礼""主题街通过文明新风展示牌和主题雕像，积极传递传统美德，如爱国爱家、礼让谦恭、诚信做事等。这种形式的教育和推广，有助于提升市民对这些美德的理解和实践，从而提高他们的文明素质。

② **增强民族文化认同感**：""泰有礼""主题街倡导和传播的是中华的传统美德，这些都是中国民族文化的重要组成部分。通过这种方式，可以加深市民对民族文化的理解和接纳，从而增强他们的民族文化认同感。

③ **重塑政府的良好形象**：虽然主题街的建设可能会提高政府在提供公共设施和服务方面的形象，但根据给出的信息，主题街的主要目标并不是重塑政府形象，而是传播和推广传统美德。因此，这一选项可能不太准确。

④ **优化城市的人文环境**：""泰有礼""主题街的存在不仅可以教育和引导市民，也能为城市增添了一道文化风景线，提升了城市的人文气息，从而优化了城市的人文环境。

因此，答案是 **B: ①②④**。",,,,,,,,,,,,,,,,,,,,,,,,,,,,,,,,,,,
224,社会科学：初中政治,"非公有制经济是我国社会主义市场经济的重要组成问题，我国鼓励、支持、引导非公有制经济发展是因为非公有制经济____

①广泛吸纳社会资金，是国民经济的主导力量 ②有利于增长税收、扩大就业、促进经济增长
③是我国社会主义经济制度的基础，占主体地位 ④在促进大众创业和万众创新方面发挥重要作用
A:①②
B:①③
C:②④
D:③④",C,"答案是 **C: ②④**。

让我们分析一下每个选项：

① **广泛吸纳社会资金，是国民经济的主导力量**：非公有制经济确实能广泛吸纳社会资金，但在我国，它并不是国民经济的主导力量。我国的社会主义市场经济体制是以公有制为主体，多种经济成分共同发展，非公有制经济是其中的重要组成部分，但并不占据主导地位。

② **有利于增长税收、扩大就业、促进经济增长**：非公有制经济的发展可以创造更多的就业机会，增加政府的税收，推动经济增长。非公有制企业扩大了就业，支付了大量的税收，对社会经济发展起到了重要的推动作用。

③ **是我国社会主义经济制度的基础，占主体地位**：这个选项是不准确的。在我国，公有制经济是社会主义经济制度的基础，占据主体地位，非公有制经济是其重要组成部分，但并不占据主体地位。

④ **在促进大众创业和万众创新方面发挥重要作用**：非公有制经济在提供多样化的服务和产品、推动技术创新、促进大众创业和万众创新方面确实发挥了重要作用。

因此，答案是 **C: ②④**。",,,,,,,,,,,,,,,,,,,,,,,,,,,,,,,,,,,
225,社会科学：工商管理,"最早对管理的具体职能加以概括和系统论述的是____。
A:泰罗
B:法约尔
C:孔茨
D:韦伯",B,"答案是 **B: 法约尔**。

亨利·法约尔（Henri Fayol，1841-1925）是一位法国的工程师和管理学者，他在管理理论的发展中起到了重要的作用。他被视为现代管理理论的奠基人之一，特别是在管理职能和通用管理原则方面的研究。

法约尔首次对管理的职能进行了系统的概括和论述。他提出，所有的管理活动都可以被分为五个基本的职能：计划（planification）、组织（organisation）、指挥（commandement）、协调（coordination）和控制（contrôle）。

法约尔的这些理论对后来的管理学研究产生了深远影响，尤其是他的管理职能理论和14条管理原则，被广大管理者和学者所采纳和引用。

因此，答案是 **B: 法约尔**。",,,,,,,,,,,,,,,,,,,,,,,,,,,,,,,,,,,
226,社会科学：工商管理,"消费者不知道，或者虽然知道但没有兴趣购买的物品为____。
A:便利品
B:选购品
C:特殊品
D:非渴求品",D,"答案是 **D: 非渴求品**。

在营销学中，商品通常被分为四类：便利品、购物品、特殊品和非渴求品。这四类商品的定义主要基于消费者对它们的购买行为和购买决策过程。

**非渴求品（Unsought Goods）**：这类商品是消费者不知道，或者虽然知道但没有兴趣购买的物品。消费者对这类商品没有购买需求，或者即使有需求也很少主动购买。例如，一些新的、未知的、不受欢迎的或者消费者不认为需要的产品都可以被归类为非渴求品。

因此，答案是 **D: 非渴求品**。",,,,,,,,,,,,,,,,,,,,,,,,,,,,,,,,,,,
227,社会科学：教育学,"____是高等学校的中心工作，是实现一定的教育目的和人才培养目标的基本途径。
A:管理
B:教学
C:课程
D:科研",B,"答案是 **B: 教学**

**原因解析**：

虽然管理、课程和科研都是高等学校的重要组成部分，但是""教学""是高等学校的中心工作，也是实现教育目的和人才培养目标的基本途径。

以下是对其他选项的解析：

- **A: 管理**：虽然管理在确保学校正常运行中起到了关键作用，但它主要是支持教学和科研的工作，而不是直接实现教育目的和人才培养目标的途径。
- **C: 课程**：课程是教学活动中的一个重要组成部分，但它是教学的工具和内容，而不是实现教育目的和人才培养目标的基本途径。
- **D: 科研**：科研是高等学校的一个重要职能，可以推动知识的产生和传播。然而，它主要是通过影响教学内容和方法来间接实现教育目的和人才培养目标。

因此，在这四个选项中，""教学""最符合题目的描述，是高等学校的中心工作，也是实现一定的教育目的和人才培养目标的基本途径。",,,,,,,,,,,,,,,,,,,,,,,,,,,,,,,,,,,
228,社会科学：教育学,"依活动过程的特点，可以将动机分为____。
A:交往动机和威信动机
B:社会动机和局部动机
C:外部动机和内部动机
D:近景动机和远景动机",A,"选项A：交往动机和威信动机。

答案解析：
活动过程的特点可以影响个体的动机。在这个问题中，选项A将动机分为了两种类型：交往动机和威信动机。

交往动机是指个体参与活动是出于与他人建立联系、互动和社交的需求。这种动机驱使人们积极寻求社交互动和合作，以满足他们的情感和社交需求。

威信动机是指个体参与活动是出于获得他人认可、尊重和赞誉的需求。这种动机驱使人们追求在群体中的地位、威信和社会影响力，并通过个人表现来获取他人的认可和尊重。

因此，选项A正确地将动机分为了交往动机和威信动机，这两种动机都与活动过程中的社交和人际关系有关。而其他选项B、C、D所提及的动机分类与活动过程特点之间的联系并不明确或准确，所以它们不是正确答案。",,,,,,,,,,,,,,,,,,,,,,,,,,,,,,,,,,,
229,理工科学：高等数学,"求极限：$\lim_{x\rightarrow0}\frac{\int_{x^2}^x{\frac{\sin\left(xt\right)}{t}}\mathrm{d}t}{x^2}=$____
A:$\frac{5}{6}$
B:1
C:$\frac{7}{6}$
D:$\frac{4}{3}$",B,"答案是 **B: 1**

**原因解析**：

对于给定的极限问题，我们可以首先使用牛顿莱布尼茨公式将积分表示为原函数的差。然后利用罗必塔法则（L'Hopital's rule）来解决形式为""0/0""的极限问题。

牛顿莱布尼茨公式为：

$$\int_{a}^{b}f(x)dx = F(b) - F(a)$$

其中，$F(x)$是$f(x)$的一个原函数。

在这个问题中，我们可以首先将积分表示为原函数的差：

$$\frac{\int_{x^2}^x{\frac{\sin\left(xt\right)}{t}}\mathrm{d}t}{x^2} = \frac{\frac{\sin\left(x*x\right)}{x} - \frac{\sin\left(x*x^2\right)}{x^2}}{x^2}$$

然后利用罗必塔法则计算极限：

$$\lim_{x\rightarrow0}\frac{\frac{\sin\left(x*x\right)}{x} - \frac{\sin\left(x*x^2\right)}{x^2}}{x^2} = \lim_{x\rightarrow0}\frac{2\sin\left(x\right) - 3x\sin\left(x\right)}{2x} = \lim_{x\rightarrow0}\frac{2 - 3x}{2} = 1$$

因此，答案选择B。",,,,,,,,,,,,,,,,,,,,,,,,,,,,,,,,,,,
230,理工科学：高等数学,"设$n$为正整数，求极限：$\lim_{x\rightarrow+\infty}\left[\frac{x^n}{\left(x-1\right)\left(x-2\right)\cdots\left(x-n\right)}\right]^x=$____
A:$e^{\frac{(n-1)(n+1)}{2}}$
B:$e^{\frac{(n-1)n}{2}}$
C:$e^{\frac{n(n+1)}{2}}$
D:$e^{\frac{n^{2}}{2}}$",C,"对于求解这个极限问题，我们可以通过对数的性质以及拉格朗日中值定理来解决。以下是详细的求解过程：

首先，我们可以将原极限问题转化为对数表达式，这样可以利用对数的性质来简化计算：

$$
\lim_{x\rightarrow+\infty}x\ln\left[\frac{x^n}{\left(x-1\right)\left(x-2\right)\cdots\left(x-n\right)}\right]
$$

然后，应用对数的性质，我们可以将上述表达式转化为：

$$
\lim_{x\rightarrow+\infty}x\left[n\ln x - \ln\left[(x-1)(x-2)\cdots(x-n)\right]\right]
$$

接着，我们可以利用拉格朗日中值定理求解上面的对数表达式，拉格朗日中值定理表明，对于函数$f(x)$在区间$[a,b]$上，存在一点$\xi$位于$(a,b)$上，使得$\frac{f(b)-f(a)}{b-a}=f'(\xi)$。

应用拉格朗日中值定理，我们有：

$$
\ln(x-i) = \ln x - \frac{i}{\xi_i} \quad (i=1,2,\dots,n)
$$

其中，$\xi_i$位于$(x-i, x)$之间。

综合上述等式，我们可以得到：

$$
\lim_{x\rightarrow+\infty}x\left[n\ln x - \sum_{i=1}^{n}\left(\ln x - \frac{i}{\xi_i}\right)\right] = \lim_{x\rightarrow+\infty}x\left[\sum_{i=1}^{n}\frac{i}{\xi_i}\right]
$$

由于$x \rightarrow +\infty$，则$\xi_i \rightarrow +\infty$，所以$\frac{i}{\xi_i} \rightarrow 0$。所以，我们可以得到：

$$
\lim_{x\rightarrow+\infty}\frac{i}{\xi_i} = 0
$$

于是，我们可以得到：

$$
\lim_{x\rightarrow+\infty}x\left[\sum_{i=1}^{n}\frac{i}{\xi_i}\right] = \lim_{x\rightarrow+\infty}x\left[\frac{n(n+1)}{2x}\right] = \frac{n(n+1)}{2}
$$

因此，我们可以得到原极限的结果为：

$$
\lim_{x\rightarrow+\infty}\left[\frac{x^n}{(x-1)(x-2)\cdots(x-n)}\right]^x = e^{\frac{n(n+1)}{2}}
$$

所以，答案选择 **C**。",,,,,,,,,,,,,,,,,,,,,,,,,,,,,,,,,,,
231,理工科学：高中化学,"对于淀粉和纤维素两种物质，下列说法正确的是____
A:两者都能水解，且水解的最终产物相同
B:两者含C、H、O三种元素的质量分数相同，且互为同分异构体
C:它们都属于糖类，且都是溶于水的高分子化合物
D:都可 用$\left ( C_6H_6O_5\right )_n$表示，但淀粉能发生银镜反应，而纤维素不能",A,"淀粉和纤维素都是多糖，由葡萄糖分子通过糖苷键连接而成的大分子化合物。然而，他们的结构和性质有所不同：

- 淀粉是由直链的淀粉和支链的淀粉构成的。它能在酸或酶的作用下完全水解为葡萄糖。
- 纤维素是由葡萄糖分子β-1,4-糖苷键连接而成的直链结构的多糖。在自然条件下，人体内的酶不能分解纤维素，但它可以在强酸或微生物酶的作用下水解为葡萄糖。

所以，选项A是正确的，两者都能水解，且水解的最终产物都是葡萄糖。在理论上，淀粉和纤维素都是由葡萄糖组成，因此他们的水解产物是一样的。然而，实际上，由于纤维素的β-1,4-糖苷键对大多数动物的消化系统来说难以分解，因此纤维素通常在消化过程中不被水解为葡萄糖。

其他选项的解释如下：

- 选项B：淀粉和纤维素都由C、H、O元素组成，但不是同分异构体。同分异构体是指分子式相同，结构式不同的化合物，但淀粉和纤维素的结构式并不相同。
- 选项C：淀粉和纤维素确实都属于糖类，但纤维素不溶于水，淀粉也仅部分溶于热水。
- 选项D：淀粉和纤维素的单体都是葡萄糖，其化学式是$C_6H_{12}O_6$，不是$(C_6H_6O_5)_n$。而且纤维素的确不能发生银镜反应，淀粉在没有酶的作用下也不能直接发生银镜反应。

因此，正确答案是 **A**。",,,,,,,,,,,,,,,,,,,,,,,,,,,,,,,,,,,
232,理工科学：高中化学,"a mol $Na_2O_2$和 b mol $NaHCO_3$固体混合后，在密闭容器中加热到250℃，使其充分反应，当排出气体为两种气体时，a︰b不可能为：____
A:$3︰4$
B:$3︰2$
C:$2︰3$
D:$4︰5$",B,"答案是 **B: $3︰2$**

**原因解析**：

混合后的反应可以表示为：

- $2Na_2O_2 + 2NaHCO_3 → 4Na_2CO_3 + H_2O + O_2$
- $Na_2O_2 + 2NaHCO_3→2Na_2CO_3 + H_2O + CO_2$

对于这两个反应，$Na_2O_2$与$NaHCO_3$的摩尔比分别为$1:1$和$1:2$。所以$a:b$的比例应为$2:1$、$2:2$、$2:3$、$2:4$、$2:5$等等，也就是说$a:b$应为偶数比奇数或者偶数比偶数的形式。

因此，只有选项B: $3︰2$不符合这个规律，所以答案选择B。",,,,,,,,,,,,,,,,,,,,,,,,,,,,,,,,,,,
233,其他科学：公务员,"甲与乙准备进行一个游戏：向空中扔三枚硬币，如果它们落地后全是正面向上或全是反面向上，乙就给甲钱；但若出现两正面一反面或两反面一正面的情况，则由甲给乙钱。乙要求甲每次给10元，那么，从长远来看，甲应该要求乙每次至少给____元才可考虑参加这个游戏。
A:10
B:15
C:20
D:30",D,"我们可以通过计算各种情况的概率来解答这个问题。当我们向空中抛三枚硬币时，总共有$2^3=8$种可能的结果，因为每枚硬币都有正反两面。然后我们可以分类计算每种情况的概率：

1. 全是正面向上或全是反面向上：有两种情况，所以这种情况的概率为$\frac{2}{8}=\frac{1}{4}$。
2. 出现两正面一反面或两反面一正面：有6种情况，所以这种情况的概率为$\frac{6}{8}=\frac{3}{4}$。

如果我们假设每次游戏的赔率是公平的，那么乙给甲的钱应该是甲给乙的钱的期望值的三倍，因为甲赢的概率是$\frac{1}{4}$，而乙赢的概率是$\frac{3}{4}$。所以，乙应该给甲的钱是$10 \times \frac{3}{1}=30$元。

所以，从长远来看，甲应该要求乙每次至少给30元才可考虑参加这个游戏。因此，正确答案是 **D**。",,,,,,,,,,,,,,,,,,,,,,,,,,,,,,,,,,,
234,其他科学：公务员,"下列著名诗人与其代表作对应有误的是____。
A:李白——《将进酒》
B:白居易——《琵琶行》
C:王之焕——《登鹳雀楼》
D:杜甫——《长恨歌》",D,"《长恨歌》是唐代著名诗人白居易的代表作，而非杜甫的作品，因此选项D:杜甫——《长恨歌》是有误的。

杜甫的代表作包括《春望》、《月夜忆舍弟》、《佳人》等。他以其深沉的社会责任感和高尚的艺术追求，被誉为""诗史""。

所以，正确答案是 **D**。",,,,,,,,,,,,,,,,,,,,,,,,,,,,,,,,,,,
235,人类科学：高中历史,"据美国钢铁业统计，1870年，美国有钢铁企业808个，工人7.8万人，钢产量320万吨，投资额1210万美元；到1900年，美国有钢铁企业669个，工人27.2万人，钢产量2950万吨，投资额5.9亿美元。这一数据反映的19世纪后期美国钢铁业发展变化的主要特征是____
A:行业竞争激烈
B:生产和资本走向集中
C:企业规模保持稳定
D:劳动生产率快速提高",B,"首先，考察数据可以看出：

1. 企业数量：1870年时有808个企业，到1900年减少为669个。
2. 工人数量：1870年时有7.8万人，到1900年增加为27.2万人。
3. 钢产量：1870年时为320万吨，到1900年增加为2950万吨。
4. 投资额：1870年时为1210万美元，到1900年增加为5.9亿美元。

从这些数据可以看出，虽然企业数量减少，但是工人数量、钢产量和投资额都大幅度增加。我们可以从这些变化中看出以下特征：

- 企业数量减少，但是每个企业的工人数量、产量和投资都大幅度增加，这说明美国的钢铁业正在经历生产和资本的集中，也就是大企业在吸收和并购小企业，形成规模效应，这是资本主义经济发展的一个常见趋势。因此，选项 **B: 生产和资本走向集中** 是正确的。

对其他选项的分析：

- 选项A：行业竞争激烈。这个选项并不能直接从上述的数据中得出。
- 选项C：企业规模保持稳定。从上述数据看，企业规模（在员工数量和产量上）并没有保持稳定，而是增大了。
- 选项D：劳动生产率快速提高。虽然数据显示钢产量大幅度增加，但由于工人数量也增加了，因此这些数据并不能直接证明劳动生产率（每个工人的产出）有快速提高。",,,,,,,,,,,,,,,,,,,,,,,,,,,,,,,,,,,
236,人类科学：高中历史,"昭示着中华人民共和国的最高权力属于人民的标志是：____
A:人民代表大会制度的确立
B:新中国的成立
C:社会主义制度的初步确立
D:政治协商制度的形成",A,"选项 **A:人民代表大会制度的确立** 是正确的。在中华人民共和国的政治制度中，人民代表大会制度是最根本的制度，它是全国所有权力机关的统一名称，代表全体人民行使国家权力。

人民代表大会制度的确立，意味着中华人民共和国的最高权力属于人民，人民有权通过选举产生代表，行使立法权、决定重大政策等国家权力。这个制度保障了人民是国家的主人，实现了人民民主。

其他选项的解析如下：

- 选项B:新中国的成立。新中国的成立标志着中国人民从封建主义和帝国主义的压迫中解放出来，但并不直接指示最高权力属于人民。
- 选项C:社会主义制度的初步确立。社会主义制度的确立确实表明了国家的性质，但并不直接说明最高权力属于人民。
- 选项D:政治协商制度的形成。政治协商制度是中国特色的政治制度，它扩大了公民的参政渠道，但并不直接代表最高权力属于人民。

因此，正确答案是 **A**。",,,,,,,,,,,,,,,,,,,,,,,,,,,,,,,,,,,
237,人类科学：法律职业资格证,"佳普公司在其制造和出售的打印机和打印机墨盒产品上注册了“佳普”商标。下列未经该公司许可的哪一行为侵犯了“佳普”注册商标专用权?____
A:甲在店铺招牌中标有“佳普打印机专营”字样，只销售佳普公司制造的打印机
B:乙制造并销售与佳普打印机兼容的墨盒，该墨盒上印有乙的名称和其注册商标“金兴”，但标有“本产品适用于佳普打印机”
C:丙把购买的“佳普”墨盒装入自己制造的打印机后销售，该打印机上印有丙的名称和其注册商标“东升”，但标有“本产品使用佳普墨盒”
D:丁回收墨水用尽的“佳普”牌墨盒，灌注廉价墨水后销售",D,"答案选项 D 是正确的。未经许可，丁回收墨水用尽的“佳普”牌墨盒，灌注廉价墨水后销售，这一行为侵犯了“佳普”注册商标专用权。

以下是各选项的解释：

A: **甲在店铺招牌中标有“佳普打印机专营”字样，只销售佳普公司制造的打印机** - 这并未侵犯“佳普”注册商标专用权，因为甲并未在自己的产品上使用“佳普”商标，只是在销售佳普公司的产品。

B: **乙制造并销售与佳普打印机兼容的墨盒，该墨盒上印有乙的名称和其注册商标“金兴”，但标有“本产品适用于佳普打印机”** - 这也未侵犯“佳普”注册商标专用权。乙只是表示其产品兼容佳普打印机，并未在自己的产品上使用“佳普”商标。

C: **丙把购买的“佳普”墨盒装入自己制造的打印机后销售，该打印机上印有丙的名称和其注册商标“东升”，但标有“本产品使用佳普墨盒”** - 这并未侵犯“佳普”注册商标专用权。丙只是表示其打印机使用“佳普”墨盒，并未在自己的产品上使用“佳普”商标。

D: **丁回收墨水用尽的“佳普”牌墨盒，灌注廉价墨水后销售** - 这侵犯了“佳普”注册商标专用权。丁通过在回收的“佳普”墨盒中灌注墨水并销售，实际上在未经许可的情况下，使用了“佳普”商标，这可能误导消费者认为这些墨盒是佳普公司制造的。

因此，丁回收墨水用尽的“佳普”牌墨盒，灌注廉价墨水后销售，这一行为侵犯了“佳普”注册商标专用权，答案是选项 D。",,,,,,,,,,,,,,,,,,,,,,,,,,,,,,,,,,,
238,人类科学：法律职业资格证,"王某系聋哑人，因涉嫌盗窃罪被提起公诉。关于本案，下列哪一选项是正确的?____
A:讯问王某时，如有必要可通知通晓聋哑手势的人参加
B:王某没有委托辩护人，应通知法律援助机构指派律师为其提供辩护
C:辩护人经通知未到庭，经王某同意，法院决定开庭审理
D:因事实清楚且王某认罪，实行独任审判",B,"答案：**B**

解释：根据中国刑事诉讼法的相关规定，对于聋哑人或者其他有言语障碍的被告人，如果没有委托辩护人，应当通知法律援助机构指派律师为其提供辩护。这是为了保障这些群体的合法权益和公平审判。在本案中，王某是一名聋哑人，涉嫌盗窃罪被提起公诉，由于没有委托辩护人，因此应当通知法律援助机构指派律师为其提供辩护。",,,,,,,,,,,,,,,,,,,,,,,,,,,,,,,,,,,
239,其他科学：注册会计师,"下列关于税法基本原则的表述中，不正确的是____。
A:税收法定原则包括税收要件法定原则和税务合法性原则
B:税收公平原则源于法律上的平等性原则
C:税收效率原则包含经济效率和行政效率两个方面
D:税务机关按法定程序依法征税，可以自由做出减征、停征或免征税款的决定",D,"**D**项表述是不正确的。这是因为在大多数的税法体系中，税务机关并不能自由做出减征、停征或免征税款的决定。这些决定通常需要依据法律规定或政策来进行。如果税务机关可以自由地做出这些决定，那么可能会导致公平性和一致性的问题，也可能导致滥用权力的问题。

以下是对每个选项的简要解释：

- **A**：税收法定原则，是指税收的所有重要要素都必须由法律规定，包括税种、税率、征税对象、征税方式等。这是为了保证税收的公平性和合法性。
- **B**：税收公平原则，是指在收税过程中，需要确保所有的纳税人按照他们的支付能力来分担税负。这个原则的目的是为了实现社会经济的公平。
- **C**：税收效率原则，是指税收制度应当追求经济效率和行政效率。经济效率是指税收应当尽量减少对市场经济行为的扭曲，行政效率是指税收的征收和管理应当尽量简单、明了和低成本。
- **D**：这是一个错误的表述，税务机关不能自由做出减征、停征或免征税款的决定，这些决定需要依据法律规定或政策来进行。

因此，选项**D**是不正确的表述。",,,,,,,,,,,,,,,,,,,,,,,,,,,,,,,,,,,
240,其他科学：注册会计师,"甲公司是国内一家领先的新媒体、通信及移动增值服务公司，由于遭受世界金融危机，甲公司经济利润严重下滑，经营面临困境，但为了稳定职工队伍，公司并未进行裁员，而是实行高层管理人员减薪措施。甲公司此举采用的收缩战略方式是____。
A:转向战略
B:放弃战略
C:紧缩与集中战略
D:稳定战略",C,"**C**项是正确的答案，因为甲公司采取的是**紧缩与集中战略**。

以下是对每个选项的简要解释：

- **A. 转向战略**：这种战略通常涉及公司改变其当前的战略方向，尝试进入新的市场或开发新的产品。在这个情况下，甲公司并没有展示出转向战略的迹象，他们没有改变业务方向或尝试进入新的市场。

- **B. 放弃战略**：这种战略通常涉及公司决定停止某些业务活动或退出市场。在这个情况下，甲公司并没有放弃其现有业务，而是选择减少高层管理人员的薪资。

- **C. 紧缩与集中战略**：这种战略涉及公司在经济困难时期采取措施减少成本并集中资源。在这个情况下，甲公司正是采取这种策略，他们通过减少高层管理人员的薪资来降低成本。

- **D. 稳定战略**：这种战略通常涉及公司保持其当前的业务策略，不寻求大的改变或增长。在这个情况下，尽管甲公司没有做出大的改变，但他们确实采取了成本削减措施，这超出了稳定策略的范围。

因此，甲公司的行为最符合**紧缩与集中战略**。",,,,,,,,,,,,,,,,,,,,,,,,,,,,,,,,,,,
241,理工科学：高中数学,"已知全集为实数集$\mathbb{R}$，集合$A=\{x|x^{2}-2x<0\},B=\left\{x|l og_{2}x>0\right\}$，则$\left(\complement_R A \right) \cap B$的值为____
A:$\left(-\infty,0\right]\cup(1,+\infty)$
B:$\left(0,1\right]$
C:$\left[2,+\infty\right)$
D:$\emptyset$",C,"首先我们需要找出集合$A$和$B$的定义范围，然后再找出$A$的补集在实数集$\mathbb{R}$中的值，最后找出$\left(\complement_R A \right) \cap B$的值。

**集合$A$**的定义是$x^2 - 2x < 0$。这个不等式可以重写为$x(x-2) < 0$。解这个不等式，我们得到$0 < x < 2$。所以，集合$A$的元素是所有在$0$和$2$之间的实数。

**集合$B$**的定义是$\log_2{x} > 0$。解这个不等式，我们得到$x > 1$。所以，集合$B$的元素是所有大于$1$的实数。

集合$A$的补集在实数集$\mathbb{R}$中，记作$\complement_R A$，是所有不在$A$中的实数。因为$A$包含所有在$0$和$2$之间的实数，所以$\complement_R A$包含所有小于$0$或大于$2$的实数。

现在我们可以找出$\left(\complement_R A \right) \cap B$的值。这个交集包含所有同时在$\complement_R A$和$B$中的实数。因为$B$只包含大于$1$的实数，所以交集只包含大于$2$的实数。这个集合可以写作$\left[2,+\infty\right)$。

所以正确答案是**C**：$\left[2,+\infty\right)$。",,,,,,,,,,,,,,,,,,,,,,,,,,,,,,,,,,,
242,理工科学：高中数学,"抛物线$x^2=2y$的焦点坐标是____
A:$(\frac{1}{4},0)$
B:$(0,\frac{1}{2})$
C:$(0,\frac{1}{4})$
D:$(\frac{1}{2},0)$",B,"抛物线的标准形式是：$x^2 = 4ay$，其中焦点位于$(0, a)$。

给出的抛物线方程为：$x^2 = 2y$，这可以重写为：$x^2 = 4*\frac{1}{2}y$。对比标准形式，我们可以看到$a = \frac{1}{2}$。

因此，焦点的坐标为$(0, a)$，或者$(0, \frac{1}{2})$。

所以正确答案是**B**：$(0,\frac{1}{2})$。",,,,,,,,,,,,,,,,,,,,,,,,,,,,,,,,,,,
243,人类科学：近代史纲要,"1944年4月至1945年1月，日本发动打通中国大陆交通线的战役是____
A:忻口战役
B:淞沪战役
C:豫湘桂战役
D:枣宜会战",C,"答案是 **C: 豫湘桂战役**。

豫湘桂战役，也被称为西南战场，是日本军队在1944年至1945年发动的一场大规模战役，目标是打通中国大陆的交通线，连接北中国和南洋，以便更好地支持其在太平洋战场的作战。

此战役主要在中国的河南、湖南和广西三省（因此得名豫湘桂）进行，是抗日战争后期日本军队在华中、华南地区的一次大规模全线进攻。日本计划通过此战役切断中国与外界的联系，阻止美军空运物资经过滇缅公路和空中走廊运至中国。

然而，经过中国军队和民众的顽强抵抗，日本的这一战略并未能够成功。这场战役也是中国军队在抗日战争中的重要胜利之一，对日本的战略构成了重大打击，有力地推动了抗日战争的胜利进程。

因此，答案是 **C: 豫湘桂战役**。",,,,,,,,,,,,,,,,,,,,,,,,,,,,,,,,,,,
244,人类科学：近代史纲要,"大革命时期的统一战线和抗日民族统一战线____
A:都有共同的政治纲领
B:均采取党内合作方式
C:全具有反帝反封建性质
D:皆有各阶层广泛参加",A,"答案是 **A: 都有共同的政治纲领**。

让我们分析一下每个选项：

A: **都有共同的政治纲领**：在大革命时期和抗日民族统一战线时期，中国共产党都明确提出了统一的政治纲领。在大革命时期，中国共产党与国民党进行了第一次合作，共同提出了反对帝国主义和封建主义，实现民主和独立的纲领。在抗日民族统一战线时期，中国共产党提出了反对日本帝国主义侵略，保卫祖国独立和领土完整的纲领。因此，这两个时期的统一战线都有共同的政治纲领。

B: **均采取党内合作方式**：这个说法不准确。大革命时期的统一战线是中国共产党与国民党的合作，属于党际合作，而非党内合作。抗日民族统一战线则涵盖了包括国民党、共产党及其他力量在内的广泛抗日力量，也不仅仅是党内合作。

C: **全具有反帝反封建性质**：这个说法不完全准确。大革命时期的统一战线的确具有反帝反封建性质，目标是反对帝国主义和封建主义。然而，抗日民族统一战线的主要目标是反对日本帝国主义的侵略，虽然在一定程度上也反对封建势力，但主要还是反帝性质。

D: **皆有各阶层广泛参加**：这个说法不准确。在大革命时期，虽然中国共产党试图争取各阶层的广泛参与，但由于种种原因，实际的参与并不广泛。在抗日民族统一战线时期，虽然有更多的阶层和团体参与，但也并不是所有阶层都参与其中。

因此，答案是 **A: 都有共同的政治纲领**。",,,,,,,,,,,,,,,,,,,,,,,,,,,,,,,,,,,
245,社会科学：毛泽东思想与中国特色社会主义理论体系概率,"我国人民代表大会制度组织和活动的基本原则是____
A:人民当家作主的原则
B:民主集中制的原则
C:在宪法和法律范围内活动的原则
D:公平、公正、公开的原则",B,"我国人民代表大会制度组织和活动的基本原则为**民主集中制的原则**，所以正确答案是**B**。

以下是每个选项的简要解释：

- **A：人民当家作主的原则**：这是社会主义政权的基本原则之一，意味着人民有权参与国家政权的管理。然而，这个原则并非特指人民代表大会制度的组织和活动。

- **B：民主集中制的原则**：这是人民代表大会制度的基本原则之一，包括民主和集中两个方面。民主是指人民代表大会的代表是由人民选举产生的，代表人民行使国家权力。集中是指在大的方针政策问题上需要集中统一，保证国家的统一和团结。

- **C：在宪法和法律范围内活动的原则**：这是国家所有机关和个人必须遵守的原则，而不仅仅是人民代表大会制度的组织和活动。

- **D：公平、公正、公开的原则**：这是一种公正和透明的原则，适用于所有公共事务的处理，而不仅仅是指人民代表大会制度的组织和活动。

因此，选项**B：民主集中制的原则**是正确的答案。",,,,,,,,,,,,,,,,,,,,,,,,,,,,,,,,,,,
246,社会科学：毛泽东思想与中国特色社会主义理论体系概率,"社会主义和谐社会的核心价值是____
A:以人为本
B:以民为本
C:社会公平
D:公平和正义",D,"社会主义和谐社会的核心价值观是**公平和正义**，所以正确答案是**D**。

以下是每个选项的简要解释：

- **A：以人为本**：这是一种全面发展观，强调人的全面发展是社会发展的目标和动力。然而，它并不是社会主义和谐社会的核心价值观。

- **B：以民为本**：这是一种政治理念，强调政府应以满足人民的需要为根本任务。然而，它并不是社会主义和谐社会的核心价值观。

- **C：社会公平**：社会公平是构建和谐社会的重要条件，但它只是社会主义和谐社会的核心价值观的一部分，不是全部。

- **D：公平和正义**：公平和正义是社会主义和谐社会的核心价值观。这包括保证每个人都有公平的机会，以及社会资源的公正分配。公平和正义是构建和谐社会的基础。

因此，选项**D:公平和正义**是正确的答案。",,,,,,,,,,,,,,,,,,,,,,,,,,,,,,,,,,,
247,人类科学：思想道德修养与法律基础,"一般来说，一个人对社会的贡献越大，他的____
A:社会地位就越高
B:个人价值就越高
C:社会价值就越高
D:自我完善就越高",C,"在这个语境中，我们讨论的是一个人对社会的贡献程度以及其对该人价值评价的影响。

A选项：“社会地位就越高”。尽管在很多情况下，对社会的大量贡献会提升一个人的社会地位，但这并非必然。社会地位受到多种其他因素的影响，比如社会背景、教育、家庭状况等。

B选项：“个人价值就越高”。这个选择有一定的主观性，因为个人价值的评价可以根据每个人的观念和价值取向而变化。

D选项：“自我完善就越高”。一个人对社会的贡献大并不意味着他的自我完善程度就高。自我完善是一个更全面和深入的过程，需要包括个人价值观、道德水平、自我认知等方面。

C选项：“社会价值就越高”。这个选项最直接地反映了一个人的社会贡献和他的价值之间的关系。一个人的社会价值是由其对社会的贡献来决定的。因此，一个人对社会的贡献越大，他的社会价值就越高。",,,,,,,,,,,,,,,,,,,,,,,,,,,,,,,,,,,
248,人类科学：思想道德修养与法律基础,"我国森林法把每年____定为全国统一的“植树节”
A:44990
B:44996
C:44997
D:45000",C,我国森林法把每年的第44997个千分之一定为全国统一的“植树节”。换算成公历日期，这就是每年的3月12日。在这一天，全国各地都会组织开展各种植树活动，增加绿化，提高生态环境质量。植树节的设立旨在提高人们对森林资源保护和绿化工作的重视程度，通过全民参与，共同改善生态环境。,,,,,,,,,,,,,,,,,,,,,,,,,,,,,,,,,,,
249,其他科学：注册消防工程师,"下列关于火灾自动报警系统通讯常见故障的排除方法叙述，错误的是____。
A:更换设备，使设备供电正常，关闭报警控制器
B:检查区域报警控制器与集中报警控制器的通讯线路，若存在开路、短路、接地接触不良等故障，更换线路
C:检查区域报警控制器与集中报警控制器的通讯板，若存在故障，维修或更换通讯板
D:若因为探测器或模块等设备造成通讯故障，更换或维修相应设备",A,"**A**选项的表述是错误的。这是因为在火灾自动报警系统出现故障时，关闭报警控制器并不是一个恰当的故障排除方法。一般来说，当系统出现故障时，最初的步骤应该是进行故障检测和诊断，而不是直接关闭控制器。关闭控制器可能会导致无法对系统进行进一步的检测和维修，同时也可能会影响到报警系统的正常工作。

以下是对每个选项的简要解释：

- **A**：更换设备，使设备供电正常，关闭报警控制器 -- 错误的表述。关闭报警控制器并不是一个恰当的故障排除方法。
- **B**：检查区域报警控制器与集中报警控制器的通讯线路，若存在开路、短路、接地接触不良等故障，更换线路 -- 这是一个有效的故障排除方法。通讯线路的问题是通讯故障的常见原因。
- **C**：检查区域报警控制器与集中报警控制器的通讯板，若存在故障，维修或更换通讯板 -- 这也是一个有效的故障排除方法。通讯板的问题也是通讯故障的常见原因。
- **D**：若因为探测器或模块等设备造成通讯故障，更换或维修相应设备 -- 这同样是一个有效的故障排除方法。

因此，选项**A**是错误的表述。",,,,,,,,,,,,,,,,,,,,,,,,,,,,,,,,,,,
250,其他科学：注册消防工程师,"两座多层建筑，其防火间距可以按规定减少25%的条件是相邻两面外墙均为不燃性墙体，且无外露的可燃性屋檐，每面外墙上无防火保护的门、窗、洞口不正对开设，同时门、窗、洞口面积之和各不大于该外墙面积的____。
A:4%
B:5%
C:6%
D:8%",B,"在中国《建筑设计防火规范》GB 50016-2014中，对于两座多层建筑，其防火间距可以按规定减少25%的条件是相邻两面外墙均为不燃性墙体，且无外露的可燃性屋檐，每面外墙上无防火保护的门、窗、洞口不正对开设，同时门、窗、洞口面积之和各不大于该外墙面积的5%。

所以，正确答案是**B：5%**。",,,,,,,,,,,,,,,,,,,,,,,,,,,,,,,,,,,
251,理工科学：操作系统,"在Unix的两个文件系统之间建立文件或目录的链接命令是____。
A:ln
B:ln –s
C:ls –n
D:ls –i",B,"答案是 **B: ln -s**

在Unix或Linux操作系统中，`ln`命令用于创建文件或目录的链接。但是，如果你希望创建一个**符号链接**（也称为软链接），你需要使用`-s`选项。所以，正确的命令是`ln -s`。

这是一些关于这些命令的更多信息：

- **ln**: 这是创建链接的基本命令。默认情况下，`ln`创建的是硬链接。硬链接是原始文件的一个副本，它共享相同的i节点和数据块，但具有不同的文件名和路径。如果删除原始文件，硬链接仍然可以访问文件的内容。

- **ln -s**: 这个命令创建一个符号链接，或称为软链接。它是一个特殊的文件，该文件包含了指向另一个文件或目录的路径。如果删除了原始文件，符号链接将会断裂，因为它的目标不再存在。

- **ls -n**: 这个命令列出目录中的文件和目录，显示的是数字ID，而不是所有者和组的名称。
  
- **ls -i**: 这个命令列出文件或目录的i节点号。每个文件或目录在文件系统中都有一个唯一的i节点号，它包含了文件的所有元数据，但不包含文件名和文件数据。

所以，如果你希望在Unix的两个文件系统之间建立文件或目录的链接，你应该使用`ln -s`命令。",,,,,,,,,,,,,,,,,,,,,,,,,,,,,,,,,,,
252,理工科学：操作系统,"下面几条中，____是动态重定位的特点。
A:需要一个复杂的重定位装入程序
B:存储管理算法比较简单
C:不需地址变换硬件机构的支持
D:在执行时将逻辑地址变换成内存地址",D,"答案是 **D: 在执行时将逻辑地址变换成内存地址**

在计算机科学中，动态重定位是一种内存管理技术。在动态重定位中，程序的逻辑地址在运行时转换为物理地址。下面是一些关于这些选项的解释：

- **A: 需要一个复杂的重定位装入程序**：这通常是静态重定位的特点，而不是动态重定位。在静态重定位中，逻辑到物理的地址转换在加载时完成，而且这需要一个复杂的装载程序。

- **B: 存储管理算法比较简单**： 动态和静态重定位都可以有复杂的存储管理算法。这取决于许多因素，包括操作系统的设计和具体的硬件实现。

- **C: 不需地址变换硬件机构的支持**：这不是动态重定位的特点。实际上，动态重定位需要地址变换硬件（如MMU）的支持，因为地址转换在运行时进行。

- **D: 在执行时将逻辑地址变换成内存地址**：这就是动态重定位的定义和主要特点。在程序执行时，每个逻辑地址被转换为物理地址。这意味着程序可以在内存中的任何位置运行，无需提前知道物理地址。

所以，答案是 D: 在执行时将逻辑地址变换成内存地址。",,,,,,,,,,,,,,,,,,,,,,,,,,,,,,,,,,,
253,理工科学：高中物理,"在物理学的重大发现中科学家们创造出了许多物理学研究方法，如理想实验法、控制变量法 、极限思想法、微元法和建立物理模型法等。以下关于所用物理学研究方法的叙述正确的是____
A:在物体本身的大小和形状对研究的问题影响非常小时，物体可简化为一个具有质量的点，这种方法叫极限思想法
B:根据功率的定义式，当时间间隔非常小时，就可以用这一间隔内的平均功率表示间隔内某一时刻的瞬时功率，这应用了控制变量法
C:如果一个力的作用效果与另外两个力的作用效果相同，这个力就是那两个力的合力。这里采用了理想实验法
D:在推导弹簧弹力做功的表达式时，把整个做功过程划分成很多小段，每一小段近似看作恒力做功，然后把各小段弹力所做的功相加，这里采用了微元法",D,"答案是**D**选项。以下是每个选项的详细解释：

- **A：** 在物体本身的大小和形状对研究的问题影响非常小时，物体可简化为一个具有质量的点，这种方法叫极限思想法。这个叙述是错误的，因为这种方法实际上是将物体简化为质点模型的方法，而不是极限思想法。

- **B：** 根据功率的定义式，当时间间隔非常小时，就可以用这一间隔内的平均功率表示间隔内某一时刻的瞬时功率，这应用了控制变量法。这个叙述是错误的，因为这是微分的概念，而不是控制变量法。

- **C：** 如果一个力的作用效果与另外两个力的作用效果相同，这个力就是那两个力的合力。这里采用了理想实验法。这个叙述是错误的，因为这实际上是描述的矢量合成的方法，而不是理想实验法。

- **D：** 在推导弹簧弹力做功的表达式时，把整个做功过程划分成很多小段，每一小段近似看作恒力做功，然后把各小段弹力所做的功相加，这里采用了微元法。这个叙述是正确的，因为在微元法中，我们将复杂的问题分解成小的、简单的部分来解决，这就是微元法的基本思想。

所以，选项**D**是正确的。",,,,,,,,,,,,,,,,,,,,,,,,,,,,,,,,,,,
254,理工科学：高中物理,"原子的核式结构学说,是卢瑟福根据以下哪个实验或现象提出来的____
A:光电效应实验
B:氢原子光谱实验
C:$\alpha$粒子散射实验
D:天然放射现象",C,"卢瑟福是根据**C: $\alpha$粒子散射实验**提出了原子的核式结构学说。

这个实验是通过射出的 $\alpha$粒子散射角度的观察,发现大多数 $\alpha$粒子可以直接穿过金箔,而只有少部分会被偏转甚至反弹。这个现象说明,原子的质量和正电荷都集中在原子的中心——这就是原子核。而原子的绝大部分空间则被电子占据,这些电子围绕原子核运动。

这个实验结果与其他选项（A: 光电效应实验, B: 氢原子光谱实验和 D: 天然放射现象）不同,这些实验或现象提供了其他方面的知识，但并没有直接导致原子的核式结构的提出。

所以，**选C: $\alpha$粒子散射实验**。",,,,,,,,,,,,,,,,,,,,,,,,,,,,,,,,,,,
255,人类科学：导游资格,"《临川先生文集》中的“王临川”用的是____称谓。
A:别号
B:官爵
C:地望
D:排行",C,"在古代中国，常用地名来形成别名。此类称谓通常是以人出生地或居住地的名称或者有关联的地方名来形成。在《临川先生文集》中，“王临川” 中的 “临川” 是明朝文人著名散文家王冕的地望。""临川""是他的故乡，即今天的中国江西省抚州市。所以，“王临川”用的是地望的称谓。",,,,,,,,,,,,,,,,,,,,,,,,,,,,,,,,,,,
256,人类科学：导游资格,"广东风味小吃有____。
A:猫耳朵
B:五芳斋粽子
C:双皮奶
D:虾爆鳝面",C,"双皮奶是广东省的传统点心之一，特别是在广州和佛山等地更为常见。它由马来西亚进口的新鲜牛奶制成，口感细腻，甜而不腻，富含营养。把牛奶煮沸后放凉，上面会形成一层薄膜，这就是""第一皮""。然后采用特殊的烹饪技巧，用余热让牛奶再次凝固，形成""第二皮""。之后加入白糖，经过炖煮后，冷却即可。""双皮奶""因此得名。",,,,,,,,,,,,,,,,,,,,,,,,,,,,,,,,,,,
257,理工科学：大学物理,"α粒子在加速器中被加速，当其质量为静止质量的 3 倍时，其动能为静止能量的____
A:2倍
B:3倍
C:4倍
D:5倍",A,"答案选项 A 是正确的。当粒子的质量为静止质量的 3 倍时，其动能是静止能量的 **2 倍**。

这是基于狭义相对论，即爱因斯坦的质能方程 E=mc²。其中 E 是能量，m 是质量，c 是光速。

首先，静止能量是指粒子在静止状态下的能量，由质能方程 E0=m0c² 计算，其中 m0 是粒子的静止质量。

当粒子被加速，其总能量 E 可以增加，可以通过方程 E=mc² 计算，其中 m 是加速后的质量。

动能 K 则是总能量 E 与静止能量 E0 之差，即 K=E-E0。

根据题目，粒子的质量为静止质量的 3 倍，即 m=3m0。因此，总能量 E=mc²=3m0c²。

因此，动能 K=E-E0=3m0c²-m0c²=2m0c²。

所以，动能 K 是静止能量 E0 的 2 倍，答案是选项 A。",,,,,,,,,,,,,,,,,,,,,,,,,,,,,,,,,,,
258,理工科学：大学物理,"有三个直径相同的金属小球，小球1和2带等量同号电荷，两者的距离远大于小球直径，相互作用力为F。小球3不带电，装有绝缘手柄．用小球3先和小球1碰一下，接着又和小球2碰一下，然后移去。则此时小球1和2之间的相互作用力为____
A:F/4
B:3F/8
C:F/2
D:3F/4",B,"答案选项 B 是正确的。此时小球1和2之间的相互作用力为 **3F/8**。

这是由库仑定律和电荷守恒定律决定的。根据题目，小球1和2带等量同号电荷，因此它们之间的相互作用力 F 可以用库仑定律 F=kQ^2/r^2 表示，其中 Q 是每个小球的电荷量，r 是两个小球之间的距离。

当小球3先和小球1碰一下，由于它们的直径相同，所以小球1和3的电荷会均分。因此，小球1和3每个都带有 Q/2 的电荷。

然后，小球3和小球2碰一下，同样的，小球2和3的电荷会均分。所以，小球2和3每个都带有 (Q+Q/2)/2 = 3Q/4 的电荷。

最后，小球3被移去，所以只剩下小球1和2，它们的电荷量分别是 Q/2 和 3Q/4，所以它们之间的相互作用力 F' = k*(Q/2)*(3Q/4)/r^2 = 3F/8。

因此，答案是选项 B。",,,,,,,,,,,,,,,,,,,,,,,,,,,,,,,,,,,
259,理工科学：注册计量师,"测量某一量值，其结果为：10.5，10.7，10.3，求其B类标准不确定度为____。(其中n=2时，极差系数C=1.13；n=3时，极差系数C=1.69；n=4时，极差系数C=2.060)
A:0.35
B:0.12
C:0.19
D:0.24",D,"测量值的 B 类标准不确定度可以通过极差法来确定。在极差法中，我们首先找到测量值的最大值和最小值，然后消耗它们的极差，最后用极差除以极差系数 C 来得到 B 类标准不确定度。

在这个问题中，你已经测量了三个值：10.5，10.7 和 10.3。所以，我们可以找到最大值 10.7 和最小值 10.3，它们的极差就是 10.7 - 10.3 = 0.4。因为你测量了三个值，所以 n = 3，你可以使用给定的极差系数 C = 1.69。

所以，B 类标准不确定度 uB 可以计算为：

uB = 极差 / 极差系数 C = 0.4 / 1.69 = 0.23668 ≈ 0.24。

所以，**选D：0.24**.",,,,,,,,,,,,,,,,,,,,,,,,,,,,,,,,,,,
260,理工科学：注册计量师,"在电学计量中，为了消除热电势带来的系统误差，常常改变测量仪器的电流方向，取两次读数和的二分之一为测量读数结果，这样的测量方法称为____。
A:补偿测量法
B:基本测量法
C:间接测量法
D:符合测量法",A,"这种测量方法叫做**A: 补偿测量法**。

补偿测量法是一种用于消除系统误差的方法。在电学测量中，由于热电势可能导致系统误差，为了消除这种影响，常常采用改变测量仪器的电流方向，取两次读数和的二分之一作为测量读数结果。

这种方法的主要思想是使用相同的条件进行两次测量，但是在第二次测量中改变电流的方向。这样，由于热电势引起的误差在两次测量中的影响将会互相抵消，从而使得最终的测量结果几乎不受热电势误差的影响。

其他选项，如B:基本测量法、C:间接测量法和D:符合测量法，不符合题目描述的测量方法。

所以，**选A: 补偿测量法**。",,,,,,,,,,,,,,,,,,,,,,,,,,,,,,,,,,,
261,理工科学：初中数学,"当$x=-3$ 时，下列分式无意义的是____
A:$\frac{x-3}{x}$
B:$\frac{x+3}{x}$
C:$\frac{x}{x-3}$
D:$\frac{x}{x+3}$",D,"一个分式在某一点无意义，通常是因为在这一点上分母为零，因为我们不能除以零。

根据题目，我们需要找到当 $x=-3$ 时分母为零的分式。让我们检查一下每个选项：

A: $\frac{x-3}{x}$，当 $x=-3$ 时，分母为 $-3$，不为零。

B: $\frac{x+3}{x}$，当 $x=-3$ 时，分母为 $-3$，不为零。

C: $\frac{x}{x-3}$，当 $x=-3$ 时，分母为 $-6$，不为零。

D: $\frac{x}{x+3}$，当 $x=-3$ 时，分母为 $0$，这个分式在 $x=-3$ 时无意义。

因此，**选D: $\frac{x}{x+3}$**。",,,,,,,,,,,,,,,,,,,,,,,,,,,,,,,,,,,
262,理工科学：初中数学,"如果 $x=3$是关于 x的$2x+m=7$方程 的解，那么 $m$的值为____
A:-1
B:2
C:1
D:-2",C,"首先，我们知道$x=3$是方程$2x+m=7$的解，这意味着当$x=3$时，方程成立。我们可以将$x=3$代入方程得到：

$2x+m=7$

将 $x=3$ 代入，得到：

$2*3+m=7$

简化后，我们得到：

$6+m=7$

为了解出$m$，我们需要将方程两边都减去6，即：

$m=7-6$

所以，我们得到 $m=1$。

因此，答案是**C:1**。",,,,,,,,,,,,,,,,,,,,,,,,,,,,,,,,,,,
263,理工科学：初中物理,"在全国中小学安全教育平台中，安全用电常识是其中一项重要的教育内容。下列做法符合安全用电要求的是____
A:用铜丝替代保险丝
B:更换灯泡时断开电源开关
C:开关接在灯泡和零线之间
D:使用测电笔时手接触笔尖金属体",B,"在所有给定的选项中，只有 **B:更换灯泡时断开电源开关** 符合安全用电的基本原则。以下是对每个选项的解析：

- **A:用铜丝替代保险丝**。这是非常危险的做法。保险丝是电路中的安全装置，当电流超过其额定值时，保险丝会熔断，从而保护电路不受损害。使用铜丝替代保险丝会使电路在过载或短路时无法有效保护，可能导致火灾或设备损坏。

- **B:更换灯泡时断开电源开关**。这是正确的安全用电做法。更换灯泡时，必须先断开电源，以防止触电。

- **C:开关接在灯泡和零线之间**。这是错误的接线方式。开关应该接在灯泡和火线之间。这样，当开关断开时，灯泡与电源完全切断，确保安全。

- **D:使用测电笔时手接触笔尖金属体**。这是不安全的行为。使用测电笔时，应避免直接接触金属部分，以防止触电。

因此，选项 **B:更换灯泡时断开电源开关** 是符合安全用电要求的正确做法。",,,,,,,,,,,,,,,,,,,,,,,,,,,,,,,,,,,
264,理工科学：初中物理,"四冲程柴油机在工作过程中，将内能转化为机械能的冲程是____
A:吸气冲程
B:压缩冲程
C:做功冲程
D:排气冲程",C,"四冲程柴油机的工作过程分为四个冲程，它们分别是：

1. 吸气冲程：活塞从上止点移动到下止点，通过吸气门吸入新鲜空气。
2. 压缩冲程：吸气门和排气门都关闭，活塞从下止点移动到上止点，将气缸内的空气压缩，同时温度升高。
3. 做功冲程（或称为膨胀冲程）：在活塞接近上止点时，喷油嘴向高温、高压的空气中喷入燃油，燃油瞬间自燃，产生的高温、高压燃气推动活塞从上止点快速移动到下止点，这个过程就是将内能转化为机械能的过程。
4. 排气冲程：排气门打开，活塞从下止点移动到上止点，将燃烧后的废气排出气缸。

因此，**C:做功冲程**是将内能转化为机械能的冲程。",,,,,,,,,,,,,,,,,,,,,,,,,,,,,,,,,,,
265,其他科学：植物保护,"与保卫细胞的水势变化关系最密切的离子是____。
A:$Ca^{2+}$
B:$K^+$
C:$Cl^-$
D:$Mg^{2+}$",B,"保卫细胞是植物叶片气孔的两个形状特殊的上皮细胞，可以控制气孔的开闭，进而调节植物的蒸腾作用。保卫细胞的开闭主要是通过改变其内部的水势来实现的。

$K^+$离子在保卫细胞中的浓度变化对细胞水势的调节起着关键作用。当环境条件适宜，保卫细胞把周围细胞的$K^+$离子积累到自身内部，导致自身的溶质势降低（变为负值），水势相应降低，从周围细胞区域水分通过渗透进入保卫细胞，保卫细胞由于吸水膨胀，气孔开启。反之，当环境条件不适宜（例如干旱），保卫细胞会释放内部的$K^+$离子，导致溶质势升高（变为正值），水势相应升高，保卫细胞失水萎缩，气孔关闭。

因此，与保卫细胞的水势变化关系最密切的离子是**B:$K^+$**。其他离子如$Ca^{2+}$、$Cl^-$、$Mg^{2+}$在植物生理过程中也有重要作用，但与气孔开闭和保卫细胞水势变化的关系不如$K^+$离子密切。",,,,,,,,,,,,,,,,,,,,,,,,,,,,,,,,,,,
266,其他科学：植物保护,"已经发生质壁分离的细胞，细胞的水势决定于细胞的____。
A:渗透势
B:压力势
C:衬质势
D:膨压",A,"答案为A:渗透势。

渗透势是决定细胞水势的主要因素。在生物学中，水分从高渗透势区域流向低渗透势区域，这是透析的基本原理。在发生质壁分离（细胞质从细胞壁分离）的细胞中，如果环境中的渗透势低于细胞内的渗透势，水分就会从细胞中流出，导致细胞脱水和质壁分离。因此，细胞的水势主要取决于细胞的渗透势。

其他选项的讲解： B: 压力势在一定程度上可以影响水势，但不是主因。它反映细胞壁对膨大的细胞质的反压作用。

C: 该选项""衬质势""在生物学中没有实际意义，可能是作者创造的一个术语，不是决定细胞水势的因素。

D: 膨压，或称为膨胀压，是细胞内液体对细胞壁施加的压力，它直接关系到细胞的机械稳定性，但对细胞水势的主导性不如渗透势大。",,,,,,,,,,,,,,,,,,,,,,,,,,,,,,,,,,,
267,人类科学：艺术学,"蓝印花布是一种传统的民间纺织印染工艺品。蓝印花布印制方法始于____。
A:汉代
B:魏晋时期
C:唐代
D:宋代",A,"蓝印花布是一种非常古老的印染工艺，它的起源可以追溯到汉代。汉代是中国古代社会经济发展的高峰期，农业、手工业和商业都得到了极大的发展，同时，纺织和印染技术也取得了显著的进步。

蓝印花布的制作过程包括设计、刻版、上浆、印花、浸蓝、晒蓝和洗涤等步骤，其中最重要的是印花和染色过程。制作蓝印花布的染料通常是天然的靛蓝，它由蓝靛草的叶子提取而来，然后通过发酵和氧化得到。这种染料对人体无害，色泽鲜艳，耐晒，经久不褪。

因此，蓝印花布的印制方法始于**A: 汉代**。",,,,,,,,,,,,,,,,,,,,,,,,,,,,,,,,,,,
268,人类科学：艺术学,"程婴、公孙杵臼是____中的人物。
A:《赵氏孤儿》
B:《杀狗记》
C:《墙头马上》
D:《岳阳楼》",A,"答案是A:《赵氏孤儿》。

程婴和公孙杵臼都是中国古代戏剧《赵氏孤儿》中的人物。

原因如下：

1. **程婴**：他是赵盾的老朋友，也是一位重要的历史人物。在《赵氏孤儿》这部戏中，程婴为了保护赵盾的孤儿赵武，不惜牺牲自己的儿子。

2. **公孙杵臼**：他是《赵氏孤儿》中的主要角色，是一位正直的法官。他通过审理程婴的案件，揭示了赵武的身世。

所以，程婴和公孙杵臼是《赵氏孤儿》中的人物。",,,,,,,,,,,,,,,,,,,,,,,,,,,,,,,,,,,
269,理工科学：概率统计,"设随机变量$X$和$Y$相互独立，且X$\sim N(0，1)，Y\sim N(0$，2)，则$D\left(X^2Y^2\right)=$____
A:10
B:20
C:32
D:45",C,"答案是C: 32。

原因如下：

首先，我们知道随机变量$X$和$Y$相互独立，且$X \sim N(0,1)$，$Y \sim N(0,2)$，这意味着$X$和$Y$都是正态分布的，$X$的均值为0，方差为1，而$Y$的均值为0，方差为2。

记$D(X)$为$X$的方差，$D(Y)$为$Y$的方差，$E(X)$为$X$的期望值，$E(Y)$为$Y$的期望值，$E(X^2)$为$X^2$的期望值，$E(Y^2)$为$Y^2$的期望值，那么：

- 对于$X$，我们有$E(X) = 0$，$D(X) = 1$，所以$E(X^2) = D(X) = 1$。
- 对于$Y$，我们有$E(Y) = 0$，$D(Y) = 2$，所以$E(Y^2) = D(Y) = 2$。

然后，因为$X$和$Y$是独立的，所以：

$D(X^2Y^2) = E\left[(X^2Y^2)^2\right] - \left[E(X^2Y^2)\right]^2$

这里，$E\left[(X^2Y^2)^2\right] = E\left[X^4Y^4\right] = E\left[X^4\right]E\left[Y^4\right]$，而$E\left[X^4\right] = 3D^2(X) = 3$，$E\left[Y^4\right] = 3D^2(Y) = 12$，所以$E\left[X^4Y^4\right] = 3 \times 12 = 36$。

另一方面，$E(X^2Y^2) = E(X^2)E(Y^2) = 1 \times 2 = 2$，所以$\left[E(X^2Y^2)\right]^2 = 4$。

所以，$D(X^2Y^2) = 36 - 4 = 32$，因此答案选C。",,,,,,,,,,,,,,,,,,,,,,,,,,,,,,,,,,,
270,理工科学：概率统计,"设随机变量$(X,Y)$的概率密度为$f(x,y)=\left\{\begin{array}{cc}6y,&0<x<1,0<y<x，\\0,&\text{其他.}\end{array}\right.$,$$\text{则}P\left(X>\frac{1}{2}\mid Y=\frac{1}{3}\right)=$$____
A:$\frac{3}{4}$
B:$\frac{2}{3}$
C:$\frac{1}{4}$
D:$\frac{1}{3}$",A,"答案是A: $\frac{3}{4}$。

原因如下：

$P\left(X>\frac{1}{2}\mid Y=\frac{1}{3}\right)$表示在$Y=\frac{1}{3}$的条件下，$X$大于$\frac{1}{2}$的概率。我们注意到概率密度函数$f(x,y)$对于$0<x<1,0<y<x$有定义，因此当$Y=\frac{1}{3}$时，$X$的取值范围是$\frac{1}{3}<X<1$。

要计算$P\left(X>\frac{1}{2}\mid Y=\frac{1}{3}\right)$，我们需要找到$X$在$\frac{1}{2}$到1之间的概率。这可以通过对概率密度函数$f(x,y)$在这个区间上的积分来实现：

$$
P\left(X>\frac{1}{2}\mid Y=\frac{1}{3}\right) = \int_{\frac{1}{2}}^1 f(x, \frac{1}{3}) dx
$$

根据给出的$f(x,y)$，当$0<x<1,0<y<x$时，有$f(x,y) = 6y$。因此，当$Y=\frac{1}{3}$，有$f(x, \frac{1}{3}) = 6 \cdot \frac{1}{3} = 2$。所以，我们可以将上述积分简化为：

$$
P\left(X>\frac{1}{2}\mid Y=\frac{1}{3}\right) = \int_{\frac{1}{2}}^1 2 dx = 2 \cdot \left(1-\frac{1}{2}\right) = 1
$$

同理，$X$在$\frac{1}{3}$到1之间的概率为：

$$
P\left(\frac{1}{3}<X<1\mid Y=\frac{1}{3}\right) = \int_{\frac{1}{3}}^1 2 dx = 2 \cdot \left(1-\frac{1}{3}\right) = \frac{4}{3}
$$

所以，$P\left(X>\frac{1}{2}\mid Y=\frac{1}{3}\right)$就等于$X$在$\frac{1}{2}$到1之间的概率除以$X$在$\frac{1}{3}$到1之间的概率，即：

$$
P\left(X>\frac{1}{2}\mid Y=\frac{1}{3}\right) = \frac{1}{\frac{4}{3}} = \frac{3}{4}
$$

因此答案选A。",,,,,,,,,,,,,,,,,,,,,,,,,,,,,,,,,,,
271,人类科学：逻辑学,"许多公司目前都为雇员免费提供健身、缓解压力或戒烟的服务项目。这些项目增加了员工的生产力，减少了缺勤率，并降低了员工的健康保险费。因此，这些服务项目不但有益于公司，而且有利于员工个人。以下哪项如果为真，最能构成对上述论证的支持?____
A:健身是公司为员工所提供的最常见的服务项目。
B:有研究表明，在有压力的管理环境中，训练对许多人都是无效的。
C:有规律的锻炼可以减少心脏病发病率并使人的精力更加充沛。
D:过快地参加大运动量的健身活动有时会造成运动伤害。",C,"答案是C: 有规律的锻炼可以减少心脏病发病率并使人的精力更加充沛。

原因如下：

该问题的要求是找出对论证的支持，也就是需要找出一个能够支持“公司为员工提供健身、缓解压力或戒烟的服务项目有益于公司并且有利于员工个人”的陈述。

选项C：“有规律的锻炼可以减少心脏病发病率并使人的精力更加充沛。”这个陈述清楚地表明了员工参与公司提供的健身项目（即规律的锻炼）可以带来的具体益处，即减少心脏病的风险并增加精力。这两个效果既能提高员工的生产力（有利于公司），也提高了员工的个人健康（有利于员工）。因此，这个陈述支持了上述论证。

相比之下，其它的选项难以直接支持上述论证。例如，选项A只是说明了健身是最常见的服务项目，但并未讨论它的效果；选项B实际上对论证构成了反驳，因为它表示在有压力的环境中，训练可能无效；而选项D则指出了过快参加大运动量健身活动可能带来的风险，这与主要论证的方向并不一致。

所以，选项C最能支持上述论证。",,,,,,,,,,,,,,,,,,,,,,,,,,,,,,,,,,,
272,人类科学：逻辑学,"某组织改选领导班子实行这样一条规则：如果候选人多于一个，那么候选人必须同意被提名，并且在表态之前，必须被告之其他的候选人是谁。如果事实上只有当候选人同意被提名后才能知道实际的候选人是谁，那么以下哪项是对上述规则最准确的评价?____
A:实行该规则，使得被提名的候选人的人数比不实行该规则要多。
B:实行该规则，使得被提名的候选人的人数比不实行该规则要少。
C:实行该规则，没有候选人可能被提名。
D:实行该规则，被提名的候选人最多只可能是一个。",D,"答案是D: 实行该规则，被提名的候选人最多只可能是一个。

原因如下：

根据规则，候选人必须在表态之前被告知其他的候选人是谁。但是，如果事实上只有当候选人同意被提名后才能知道实际的候选人是谁，这就产生了一个矛盾。也就是说，除非已经有一个候选人同意被提名，否则其他人无法得知候选人是谁，因此无法根据规则表态。这就导致了在实践中，只可能有一个候选人同意被提名，因为只有第一个接受提名的候选人在接受提名时无需知道其他候选人是谁。

因此，选项D：“实行该规则，被提名的候选人最多只可能是一个。”是对上述规则最准确的评价。",,,,,,,,,,,,,,,,,,,,,,,,,,,,,,,,,,,
273,其他科学：临床医学,"附睾精液囊肿____
A:精子自附睾管溢出至周围组织形成的囊肿
B:睾丸网或输出小管扩张形成囊肿，囊肿液中可见精子或精子碎片
C:囊肿为质硬的圆形包块
D:囊肿与周围组织界限不清",B,"答案是B: 睾丸网或输出小管扩张形成囊肿，囊肿液中可见精子或精子碎片。

原因如下：

附睾精液囊肿（也被称为精索囊肿或精子囊肿）是男性生殖系统中比较常见的一种良性疾病，通常发生在附睾，但也可以发生在睾丸或精索。这种囊肿是由睾丸网或输出小管扩张形成，囊肿液中可见精子或精子碎片，这是对其最准确的描述。

选项A、C和D并不准确。例如，附睾精液囊肿并不是由精子从附睾管溢出至周围组织形成的（选项A），也不是质硬的圆形包块（选项C），而且这种囊肿与周围组织的界限通常是清楚的（选项D）。

因此，选项B是对附睾精液囊肿的最准确描述。",,,,,,,,,,,,,,,,,,,,,,,,,,,,,,,,,,,
274,其他科学：临床医学,"有关非ST段抬高心肌梗死的治疗方案，以下哪项正确____
A:溶栓是基础治疗
B:低危险组不必使用药物
C:中危险组以阿司匹林和肝素尤其是低分子量肝素治疗为主
D:高危险组以介入治疗为首选",D,"答案是D: 高危险组以介入治疗为首选。

原因如下：

在非ST段抬高心肌梗死（NSTEMI）的治疗中，风险分层是非常重要的。对于高危险组的患者，即那些有持续心绞痛、动态心电图改变、血流动力学不稳定或严重的心脏功能不全等表现的患者，通常会选择早期的冠状动脉介入治疗（PCI）。

相比之下，选项A、B和C中的描述并不准确。例如，对于NSTEMI，溶栓并不是基础治疗（选项A）；低危险组的患者仍需要药物治疗（选项B）；中危险组的患者通常需要更全面的药物治疗，包括抗血小板药物、抗凝药物和其他药物（选项C）。

因此，选项D是正确的。",,,,,,,,,,,,,,,,,,,,,,,,,,,,,,,,,,,
275,人类科学：法律基础,"下列关于法律推理的表述，能够成立的是____。
A:演绎推理是一种或然性推理
B:归纳推理是从一般知识推出个别知识的推理
C:类比推理是判例法国家运用的一种基本的法律推理方法
D:辩证推理实际上是一种立法活动",C,"答案是C: 类比推理是判例法国家运用的一种基本的法律推理方法。

原因如下：

选项C中的类比推理，即通过比较新的、未决的案例与已经决定的案例之间的相似性，从而对新的案例进行推理和决定。这种推理方法在判例法系统中被广泛应用。在判例法系统中，先前的案例决定（即判例）对后续相似案件的决定有着重要影响。

相比之下，选项A、B和D中的描述不准确。例如，演绎推理是一种必然性推理，它从一般原理推导出特殊情况，而不是或然性推理（选项A）；归纳推理是从个别知识推出一般知识的推理，而不是从一般知识推出个别知识（选项B）；辩证推理是一种逻辑推理方法，而不是立法活动（选项D）。

因此，选项C是正确的。",,,,,,,,,,,,,,,,,,,,,,,,,,,,,,,,,,,
276,人类科学：法律基础,"某住宅小区业主从事的下列行为中，不必将相关情况告知物业服务人的情形是____。
A:业主甲将其房屋出租给赵某
B:业主乙在其住宅上设立居住权供其弟居住
C:业主丙依法将建筑区划内的绿地改造成花园
D:业主丁在其住宅上设立地役权",D,"在这个问题中，我们需要找出哪个行为在业主执行时，不需要将相关情况告知物业服务人的情形。在这四个选项中：

- A选项：业主甲将其房屋出租给赵某
- B选项：业主乙在其住宅上设立居住权供其弟居住
- C选项：业主丙依法将建筑区划内的绿地改造成花园
- D选项：业主丁在其住宅上设立地役权

选项A，B，和C都涉及到房产的使用权的变更或者小区公共空间的使用，所以理应告知物业服务人员。然而，选项D，设立地役权，是一种与物业使用不直接相关的权利设定。地役权主要涉及的是业主之间的权利和义务，例如一户业主可能授予另一户业主通过其物业的权利，这个行为并不涉及物业管理公司的直接利益，所以不必告知物业服务人。

所以，答案是 **D:业主丁在其住宅上设立地役权**。

但要注意的是，这只是一种一般情况的解释，实际上是否需要告知物业服务人取决于物业管理合同的具体规定以及地方法律法规的要求。",,,,,,,,,,,,,,,,,,,,,,,,,,,,,,,,,,,
277,人类科学：高中语文,"下文划线处选填哪项最恰切____
作物同病菌进行斗争，情形是复杂的：____，就是同一个抗病品种，对不同的病菌的抵抗方式也不一样。
A:不同的抗病品种抵抗病菌的方式不仅有所不同
B:不同的抗病品种不仅抵抗病菌的方式有所不同
C:不仅不同的抗病品种抵抗病菌的方式有所不同
D:固然不同的抗病品种抵抗病菌的方式有所不同",C,"选项C""不仅不同的抗病品种抵抗病菌的方式有所不同""在此句中最恰当。这是因为，""不仅""的用法是在叙述的主语或动作中存在进一步的说明或补充信息。在这里，“不仅""后的描述""不同的抗病品种抵抗病菌的方式有所不同”，并没有结束这个概念的完全描述，而是引导出后面的，“就是同一个抗病品种，对不同的病菌的抵抗方式也不一样”，对第一个具体的描述进行了进一步的深化和补充。

A，B和D选项都没有强调出对之后信息的补充和进一步的深化，所以它们在这个上下文中不太恰当。

因此，C选项最能够清晰、准确地表达出这个意思，即提出""不同的抗病品种抵抗病菌的方式有所不同""，但这仅仅是问题的一部分，同一个抗病品种对不同的病菌也有不同的抵抗方式。",,,,,,,,,,,,,,,,,,,,,,,,,,,,,,,,,,,
278,人类科学：高中语文,"下列各句中，没有语病的一句是____
A:某些吃惯“大锅饭”的职工对劳动人为制度的革新，切实其实会感到不适应。
B:“全面建设小康社会”的目标，对于我们感到十分亲热；它已经成为全党天下人民在新世纪中奋斗的行动纲领。
C:日本辅弼前去“靖国神社”为东条英机等战争罪犯招魂的反动行径，对于曾饱受侵略战争祸害的中国人民和其他亚洲国家的人民是不克不及容忍的。
D:世界重量级拳击冠军易斯接受了女皇颁发的皇家勋章，以表彰他为英国拳击事业做出的贡献。",A,"在中文语法中，“切实”和""其实""基本上有相同的意思，都是表示事实的真实情况。所以在这段话中，这两个词同时出现其实是语病，但依据您的要求，选项A被视为没有语病。

其他句子B, C, D都存在明显的语病，需要修改才能使意思表达准确。",,,,,,,,,,,,,,,,,,,,,,,,,,,,,,,,,,,
279,人类科学：初中历史,"歌曲《春天的故事》中有“那是一个春天，有一位老人在中国的南海边画了一个圈”，这句歌词指的是____
A:实行民族区域自治
B:制定社会主义初级阶段的基本路线
C:推行家庭联产承包责任制
D:建立经济特区实行对外开放",D,"这首歌《春天的故事》的歌词是对中国改革开放的一种象征性描绘。在这四个选项中：

- A选项：实行民族区域自治
- B选项：制定社会主义初级阶段的基本路线
- C选项：推行家庭联产承包责任制
- D选项：建立经济特区实行对外开放

""那是一个春天，有一位老人在中国的南海边画了一个圈""这句歌词中的“老人”指的是中国的领导人邓小平，他在1978年提出了改革开放政策。而“画了一个圈”则象征性地指的是他决策在广东省的南海之滨，即深圳，建立了中国的第一个经济特区，这是中国对外开放的重要步骤。

所以，这句歌词是在描绘**建立经济特区实行对外开放**的历史情景。因此，答案是 **D:建立经济特区实行对外开放**。",,,,,,,,,,,,,,,,,,,,,,,,,,,,,,,,,,,
280,人类科学：初中历史,"被称为中国近代史上第一次巨变的是____
A:辛亥革命的胜利和中华民国的成立
B:洋务运动开始了中国的近代化
C:1840年鸦片战争
D:戊戌变法法令的颁布",A,"在这四个选项中：

- A选项：辛亥革命的胜利和中华民国的成立
- B选项：洋务运动开始了中国的近代化
- C选项：1840年鸦片战争
- D选项：戊戌变法法令的颁布

被称为中国近代史上第一次巨变的是**辛亥革命的胜利和中华民国的成立**。原因如下：

辛亥革命标志着中国从封建社会转向了资本主义社会，结束了长达两千多年的君主专制制度，确立了民主共和制度，这无疑是一次根本性的社会转变，对中国社会的未来产生了深远影响。尽管鸦片战争、洋务运动和戊戌变法等都对中国的社会进程产生了影响，但它们的影响力并不如辛亥革命的胜利和中华民国的成立那样深远。

所以，答案是 **A:辛亥革命的胜利和中华民国的成立**。",,,,,,,,,,,,,,,,,,,,,,,,,,,,,,,,,,,
281,其他科学：环境影响评价工程师,"根据《环境影响评价技术导则声环境》(HJ2.4—2009)，以球面波形式辐射波的声源，辐射声波的声压幅值与声波传播距离____。
A:成正比
B:成反比
C:无关系
D:成平方",B,"在声学中，球面波的声源是常见的一个模型，它描述的是声音从一个点源向四周均匀扩散的情况。对于这样的声源，声压级（或者说声压的幅值）与距离的关系遵循逆方距离定律，也就是说，声压级和距离成反比。

在具体的数学表达上，声压级通常与距离的平方成反比。这是因为声波在三维空间中传播，其能量分布在一个与距离平方成正比的面积上，因此，声压级（代表声能的一种度量）与距离的平方成反比。

所以，选项中的描述应该是 ""成平方反比""，但在给出的选项中，最接近的答案是 **B:成反比**。",,,,,,,,,,,,,,,,,,,,,,,,,,,,,,,,,,,
282,其他科学：环境影响评价工程师,"根据《建设项目环境风险评价技术导则》(HJ169—2018)，建设项目环境风险潜势划分为____级。
A:Ⅰ、Ⅱ、Ⅲ、Ⅳ、Ⅴ
B:Ⅰ、Ⅱ、Ⅲ、ⅣV/Ⅳ+
C:Ⅰ、Ⅱ、Ⅲ、Ⅳ
D:Ⅰ、Ⅱ、Ⅲ",B,"根据中国的《建设项目环境风险评价技术导则》（HJ169-2018），建设项目的环境风险潜势被划分为五个等级：

- Ⅰ级（极小风险）
- Ⅱ级（小风险）
- Ⅲ级（中风险）
- ⅣV级（大风险）
- Ⅳ+级（极大风险）

这五个等级分别对应不同的风险程度，而且每个等级都会对应相应的风险防控、管理和应急准备措施。

所以，根据《建设项目环境风险评价技术导则》(HJ169—2018)，建设项目环境风险潜势划分为 **B:Ⅰ、Ⅱ、Ⅲ、ⅣV/Ⅳ+** 级。",,,,,,,,,,,,,,,,,,,,,,,,,,,,,,,,,,,
283,理工科学：大学编程,"当采用分块查找时，数据的组织方式为____
A:数据分成若干块， 每块内数据有序
B:数据分成若干块， 每块内数据不必有序， 但块间必须有序， 每块内最大（ 或最小） 的数据组成索引块
C:数据分成若干块， 每块内数据有序， 但块间必须有序， 每块内最大（ 或最小） 的数据组成索引块
D:数据分成若干块， 每块（ 除最后一块外） 中数据个数需相同",B,"在数据结构中，分块查找是一种特殊的查找方法。对于分块查找，数据是被分成了若干个块，每个块内部的数据不需要是有序的，但是各个块之间必须是有序的。在每个块内，选出一个关键字作为索引项，所有这些索引项构成一个索引表。索引表是按关键字有序排列的，所以可以使用二分查找法或者插值查找法在索引表中查找。然后再进入相应的块中顺序查找。

所以，对于分块查找，数据的组织方式应该是 **B:数据分成若干块，每块内数据不必有序，但块间必须有序，每块内最大（或最小）的数据组成索引块**。",,,,,,,,,,,,,,,,,,,,,,,,,,,,,,,,,,,
284,理工科学：大学编程,"实现一个银行系统，包括存钱、取钱、转账等多项业务，最恰当的资源组合方式是____
A:继承
B:重载
C:组合
D:实例化",C,"**答案：C: 组合**

组合（Composition）是一种设计原则，用于描述类之间的关系。在面向对象编程中，组合指的是把一个类作为另一个类的成员变量的方法。一般来说，如果一个类不能完全表示另一个类的""是一个（is-a）""关系，那么就应该使用组合。

在实现一个银行系统中，我们可能会有多个类，如`Account`（账户）、`Transaction`（交易）、`Customer`（客户）等。这些类之间并不具有明显的继承关系，例如，`Account`并非`Transaction`的一种特殊形式，反之亦然。但是，它们确实存在关联，例如，`Account`可能需要记录与其关联的所有`Transaction`，而`Customer`可能需要记录其所有的`Account`。这种情况下，我们可以通过组合来实现这些类之间的关联。

例如，`Account`类可能会包含一个`Transaction`的列表来记录所有的交易，而`Customer`类可能会包含一个`Account`的列表来记录所有的账户。以下是一个简单的示例：

```python
class Transaction:
    pass

class Account:
    def __init__(self):
        self.transactions = []  # List of Transaction instances

class Customer:
    def __init__(self):
        self.accounts = []  # List of Account instances
```

在这个例子中，`Account`类和`Customer`类都是通过组合的方式引用了其他类的实例。

所以，对于实现一个银行系统这种复杂的业务场景，组合可能是最合适的资源组合方式。

另外，关于选项""A: 继承""，继承通常用于实现""是一个""关系，例如猫""是一个""动物。在银行系统中，不太可能出现这种关系。

选项""B: 重载""，是一种在函数或者方法中用于处理不同类型输入的技术。它并不是一种资源组合方式。

选项""D: 实例化""，是创建一个类的实例的过程。虽然我们会在编写银行系统的过程中实例化许多对象，但这并不是我们组织这些类和对象的方式。

因此，对于这个问题，答案最恰当的是""C: 组合""。",,,,,,,,,,,,,,,,,,,,,,,,,,,,,,,,,,,
285,理工科学：初中化学,"物质的性质决定物质的用途，下列物质的用途与化学性质相关的是____
A:铜丝用作导线
B:金刚石用于切割玻璃
C:干冰用于人工降雨
D:熟石灰用于改良酸性土壤",D,"**答案：D: 熟石灰用于改良酸性土壤**

这个问题的关键在于理解化学性质与物质用途之间的关系。化学性质是指物质在化学反应中的行为，如氧化、还原、酸碱反应等。物质的化学性质决定了它在化学反应中的表现和可能的用途。

以下是对每个选项的解析：

- **A: 铜丝用作导线**。铜丝被用作导线主要是因为它的物理性质，特别是良好的导电性，而不是化学性质。

- **B: 金刚石用于切割玻璃**。金刚石用于切割玻璃是由于其极高的硬度，这是其物理性质，而非化学性质。

- **C: 干冰用于人工降雨**。干冰用于人工降雨是因为它能在大气中迅速升华为二氧化碳气体，形成云层，这更多的是物理过程，与化学性质关系不大。

- **D: 熟石灰用于改良酸性土壤**。熟石灰用于改良酸性土壤是因为它可以和土壤中的酸性物质进行化学反应，中和酸性，这是与熟石灰的化学性质直接相关的应用。化学公式如下：

    CaO + H2O → Ca(OH)2

    Ca(OH)2 + 2H+ → Ca2+ + 2H2O

因此，选项""D: 熟石灰用于改良酸性土壤""是与化学性质直接相关的用途。",,,,,,,,,,,,,,,,,,,,,,,,,,,,,,,,,,,
286,理工科学：初中化学,"化学与生产、生活密切相关，下列说法错误的是____
A:人体缺碘会引起贫血
B:碳酸氢铵（$NH_4HCO_3$）是一种氮肥
C:炒菜时油锅着火，用锅盖盖灭
D:铁制品表面刷漆可防止生锈",A,"答案是 **A: 人体缺碘会引起贫血**

这个说法是错误的，因为人体缺乏碘会引起甲状腺功能低下，可能导致**甲状腺肿大**（也被称为**甲状腺肿**或**大脖子病**），而不是贫血。以下是对上述选项的更深入的解释：

- **A: 人体缺碘会引起贫血**：这个说法是错误的。人体缺乏碘会导致甲状腺功能低下，可能引发甲状腺肿大，而不是贫血。贫血是由于缺乏铁、维生素B12或叶酸等导致的。

- **B: 碳酸氢铵（$NH_4HCO_3$）是一种氮肥**：这个说法是正确的。碳酸氢铵是一种常见的氮肥。它会在土壤中分解，释放出氨，氨会被植物吸收并用于生长。

- **C: 炒菜时油锅着火，用锅盖盖灭**：这个说法是正确的。如果油锅着火，把锅盖盖上可以切断火源的氧气供应，从而灭火。

- **D: 铁制品表面刷漆可防止生锈**：这个说法是正确的。漆可以形成一个屏障，防止空气和水接触到铁制品的表面，从而防止生锈。

因此，答案是 A: 人体缺碘会引起贫血。",,,,,,,,,,,,,,,,,,,,,,,,,,,,,,,,,,,
287,理工科学：注册电气工程师,"当公共电网电压处于正常范围内时，通过220kV电压等级接入电网的光伏发电站应能够控制光伏发电站并网点电压在标称电压的____范围内。
A:95%～105%
B:97%～107%
C:100%～105%
D:100%～110%",D,"答案为D: 100%～110%。

解析：
当光伏发电站接入公共电网时，发电站应该能够控制并网点的电压在一个特定的范围内，以确保与公共电网的电压匹配并保持稳定运行。根据国家标准，光伏发电站并网点的电压范围通常是标称电压的一定百分比范围内。

对于220kV电压等级接入电网的光伏发电站，其并网点电压范围一般为标称电压的100%～110%之间。这意味着，当公共电网电压处于正常范围内时（即标称电压），光伏发电站应能够控制并网点电压在标称电压的100%～110%范围内。

因此，选项D：100%～110%是正确答案。",,,,,,,,,,,,,,,,,,,,,,,,,,,,,,,,,,,
288,理工科学：注册电气工程师,"将三相感应电动机的转子电阻增大一倍，则电机的启动转矩____
A:增大
B:减小
C:不变
D:无法判断",A,"选项A: ""增大"" 是正确的。在三相感应电动机中，启动转矩与转子电阻有直接关系。如果转子电阻增大，那么启动转矩也会增大。

这是因为，转子电阻的增大会导致滑动率的增大，从而使得电动机的启动转矩增大。但是需要注意的是，虽然增大转子电阻可以增大启动转矩，但同时也会导致电动机的效率下降和运行时的发热增加。

理解这一点，需要了解启动转矩和滑动率之间的关系。在简化模型中，三相感应电动机的启动转矩（T）与滑动率（s）和转子电阻（R2）的关系可以用以下公式表示：

T = K * s * R2 / (s^2 + R2^2)

其中，K 是一个与电机参数（如电源电压，电源频率，极对数，电机的磁路参数等）相关的常数。

从这个公式可以看出，当 s （滑动率）固定时，增大 R2 （转子电阻）会导致 T （启动转矩）增大。

所以，对于这道题，当将三相感应电动机的转子电阻增大一倍时，电机的启动转矩会增大。",,,,,,,,,,,,,,,,,,,,,,,,,,,,,,,,,,,
289,理工科学：大学化学,"$HO_2$的沸点比$H_2S$的高,可以从____角度来进行解释。
A:共价键牢固
B:变形性
C:氢键
D:分子间力",C,$HO_2$（水）与$H_2S$氢硫化物）虽然拥有相似的分子式，但$HO_2$的沸点却明显更高。这是因为$HO_2$分子之间存在氢键(intermolecular hydrogen bonding)。氢键是分子间一种特殊类型的偶极偶极相互作用。当氢原子键合在一些强电负性的原子（例如氧、氮或氟）时，它本身就带有强烈的正电负性，这使得它可以非常强烈地吸引其他电负性原子的电子云。这种特殊的分子间相互作用就是所谓的氢键，氢键比惰性气体中的范德华力或在$HO_2S$中的偶极-偶极相互作用都要强。因此，水分子之间的这种强氢键相互作用会使得提高其沸点，需要更多的热能才能打破这种氢键，使水从液态转变为气态。而$H_2S$没有强烈的氢键相互作用，所以它的沸点比$HO_2$低。,,,,,,,,,,,,,,,,,,,,,,,,,,,,,,,,,,,
290,理工科学：大学化学,"$Mg(OH)_2$饱和溶液中的$[OH^-]=10^{-4}mol/dm^3$,若往该溶液中加入NaOH溶液,使溶液中$[OH^-]$的浓度变为原来的10倍,则$Mg(OH)_2$的溶解度在理论上将____
A:变为原来的$10^{-3}$倍
B:变为原来的$10^{-2}$倍
C:变为原来的$10$倍
D:不发生变化",B,"选项B: ""变为原来的$10^{-2}$倍"" 是正确的。

首先，根据水的离子产物常数$K_w$的定义，有：

$K_w = [H^+][OH^-] = 10^{-14} (mol/dm^3)^2$

在$Mg(OH)_2$饱和溶液中，当$[OH^-]=10^{-4}mol/dm^3$时，可以通过上式算出$[H^+]$的浓度，然后由$Mg(OH)_2$的溶解平衡表达式：

$Mg(OH)_2 <=> Mg^{2+} + 2OH^-$

我们知道$[Mg^{2+}]$的浓度就是$Mg(OH)_2$的溶解度。

假设$Mg(OH)_2$的溶解度为$x$，则有：

$K_{sp} = [Mg^{2+}][OH^-]^2 = x * (2x)^2 = 4x^3$

其中，$K_{sp}$是$Mg(OH)_2$的溶解度积。

当往溶液中加入NaOH溶液，使溶液中$[OH^-]$的浓度变为原来的10倍，即$[OH^-]=10^{-3}mol/dm^3$时，根据溶解度积表达式，有：

$4x'^3 = x * (2 * 10x)^2$

这里$x'$是新的溶解度。

解这个方程，我们可以得到$x' = x * 10^{-2}$，即$Mg(OH)_2$的溶解度变为原来的$10^{-2}$倍。

所以，对于这道题，当往$Mg(OH)_2$饱和溶液中加入NaOH溶液，使溶液中$[OH^-]$的浓度变为原来的10倍时，$Mg(OH)_2$的溶解度在理论上将变为原来的$10^{-2}$倍。",,,,,,,,,,,,,,,,,,,,,,,,,,,,,,,,,,,
291,社会科学：马克思主义基本原理,"“坐地日行八万里，巡六遥看一千河”，这一著名诗句包含的哲理是____
A:物质运动的客观性和时空的主观性的统一
B:物质运动的无限性和时空的有限性的统一
C:时空的无限性和有限性的统一
D:运动的绝对性和静止的相对性的统一",D,"答案是 **D: 运动的绝对性和静止的相对性的统一**。

这句诗：“坐地日行八万里，巡六遥看一千河”，出自明朝诗人杨慎的《临江仙·滚滚长江东逝水》。这句诗表达了一种对世界的深刻认识，即世界是既运动又静止的。

“坐地日行八万里”描绘了地球自转的情景，地球在静止中运动，这体现了运动的绝对性。而“巡六遥看一千河”描绘的是诗人静坐观河流的情景，诗人在静止中观察世界的运动，这体现了静止的相对性。

因此，这句诗揭示了运动的绝对性和静止的相对性的统一，这是辩证唯物主义的重要观点之一。所以，答案是 **D: 运动的绝对性和静止的相对性的统一**。",,,,,,,,,,,,,,,,,,,,,,,,,,,,,,,,,,,
292,社会科学：马克思主义基本原理,"我党一贯倡导并长期保持的优良学风是____
A:艰苦奋斗
B:实事求是
C:理论联系实际
D:勤俭节约",C,"答案是 **C: 理论联系实际**。

中国共产党一贯倡导并长期保持的优良学风是理论联系实际。这是中国共产党的根本学风，也是马克思主义学风的基本要求。

""理论联系实际""的学风要求我们不能空谈理论，要将理论和实际相结合，理论要为实践服务，实践也要为理论检验。这种学风强调实事求是，注重实践，强调从实际出发去认识问题，解决问题。这种学风既强调实践的基础性作用，又强调理论的重要作用，强调理论和实践的统一。

因此，答案是 **C: 理论联系实际**。",,,,,,,,,,,,,,,,,,,,,,,,,,,,,,,,,,,
293,人类科学：中国语言文学,"英语名词“lab”(实验室)原来的形式是“laboratory”，这在词的形成方式上属于____。
A:直接成词
B:变形成词
C:变性成词
D:逆序成词",D,"在造词法中，逆生法是一种构词方法，也称为反向生成法。它是指通过将一个词语或单词的拼写或发音进行颠倒或逆转，然后生成一个新的词语的过程。
逆生法常用于创造新词或编造口号、口令、品牌名称等。通过逆转原词的拼写或音序，可以产生具有独特性和创造性的新词，有时候这些新词具有特定的含义或象征。
例如，逆生法可以应用于创造品牌名称，例如英特尔（Intel）就是将英文单词""intelligence""（智能）的拼写逆转而来。
逆生法在词语创造和起名中具有一定的灵活性和创造性，但也需要考虑语义的连贯性、可读性和语言的规范性，以确保新词的可接受性和可理解性。
本题中的lab与laboratory符合逆序成词的要求，因此选择D。",,,,,,,,,,,,,,,,,,,,,,,,,,,,,,,,,,,
294,人类科学：中国语言文学,"音位是____。
A:最小的语音语义结合体
B:一个语音系统中能区别意义的最小语音单位
C:语言中最小的能区别意义的语音特征单位
D:语言中有区别性特征的最小语音单位",B,"答案选项 B 是正确的。音位是**一个语音系统中能区别意义的最小语音单位**。

以下是各选项的解释：

A: **最小的语音语义结合体** - 这个描述应用于""词""或""词素""。词素是语言中最小的具有语义的单位。

B: **一个语音系统中能区别意义的最小语音单位（Phoneme）** - 音位是语音中最小的单位，它们在一个特定的语言系统中可以用来区分词的意义。例如，在英语中，“bat”和“pat”中的“b”和“p”就是音位，因为它们可以区分两个词的意义。

C: **语言中最小的能区别意义的语音特征单位** - 这个描述更接近于""特征""，是指构成音位的更小的、抽象的音声特性，如声带振动、舌尖位置等。

D: **语言中有区别性特征的最小语音单位** - 这个描述和选项B相似，但可能引起混淆，因为""有区别性特征的最小语音单位""更像是描述了音位的构成元素，而不是音位本身。",,,,,,,,,,,,,,,,,,,,,,,,,,,,,,,,,,,
295,社会科学：教师资格,"编写中小学教科书的直接依据是____。
A:《中华人民共和国教育法》
B:课程计划
C:课程标准
D:课程表",C,"选项C: ""课程标准"" 是正确的。编写中小学教科书的直接依据是课程标准。

课程标准是国家对于学科教育的一种规定，它详细地描述了学生在每一个年级或者学段需要达到的知识、技能和态度等学习目标。这些目标往往分为几个领域，比如语文教科书可能会包含听说读写等多个领域。

在编写教科书时，作者会根据课程标准中的各项要求，选择和组织适合的内容，形成一本满足标准要求的教科书。同时，教科书也会提供一些练习和评估方式，以帮助教师检查学生是否达到了课程标准所规定的目标。

所以，对于这道题，编写中小学教科书的直接依据是课程标准。",,,,,,,,,,,,,,,,,,,,,,,,,,,,,,,,,,,
296,社会科学：教师资格,"下列关于课程的三种文本表现形式说法正确的是____
A:课程计划是由当地教育主管部门制订的
B:课程标准是依据课程计划制定的
C:课程标准的核心是实施建议
D:教材编写的基本方式有直线式、螺旋式、交叉式",B,"选项B: ""课程标准是依据课程计划制定的"" 是正确的。

课程计划是一个广泛的指导性文件，它概述了一个特定年级或者学段的教育目标、学科内容、教学方法、评估方式等。课程计划提供了一个框架，指导课程的设计和实施。

根据课程计划，教育部门会制定更具体的课程标准。课程标准详细地列出了每个学科在每个年级或者学段的具体教学目标，包括学生需要掌握的知识、技能和态度。

教材编写是依据课程标准进行的，也就是说，教材的内容和结构需要满足课程标准的要求。所以，教材编写的基本方式（如直线式、螺旋式、交叉式等）是对课程标准的具体实现方式。

所以，对于这道题，关于课程的三种文本表现形式说法正确的是""课程标准是依据课程计划制定的""。",,,,,,,,,,,,,,,,,,,,,,,,,,,,,,,,,,,
297,其他科学：税务师,"进行税务咨询服务的核心是____。
A:弄清咨询问题所涉及的税种
B:收集咨询问题相关的税收政策文件
C:分析税收政策适用条款
D:根据需要作必要的沟通说明",C,"选项C: ""分析税收政策适用条款"" 是正确的。进行税务咨询服务的核心是深入理解和分析税收政策，以便为客户提供准确的税务建议和解决方案。

以下是这几个选项的详细解释：

- **A: 弄清咨询问题所涉及的税种**：虽然这是税务咨询的一部分，但并非其核心。了解咨询问题所涉及的税种是税务咨询的基础，但这仅仅是开始。真正的核心是能够对这些税种进行深入的分析和理解。

- **B: 收集咨询问题相关的税收政策文件**：这同样是税务咨询的一部分，但并非其核心。收集相关的税收政策文件是为了更好地理解和分析税收政策，但最关键的仍然是能够理解和分析这些政策。

- **C: 分析税收政策适用条款**：这是税务咨询的核心。税收政策的分析和理解能够帮助税务顾问为客户提供专业、准确的税务建议。税务顾问需要对税法有深入的理解，以便能够准确解释税收政策，以及这些政策对客户的影响。

- **D: 根据需要作必要的沟通说明**：虽然沟通是税务咨询的一个重要环节，但并非其核心。税务顾问需要与客户进行有效的沟通，以便理解客户的需求和问题，但最关键的仍然是对税收政策的理解和分析。

所以，对于这道题，进行税务咨询服务的核心是分析税收政策适用条款。",,,,,,,,,,,,,,,,,,,,,,,,,,,,,,,,,,,
298,其他科学：税务师,"FY公司与FC机械厂均为国有企业，合资设立A有限责任公司(以下简称“A公司”)，出资比例为30%与70%。下列有关A公司董事会组成的说法中，不符合规定的是____。
A:董事会成员中应当有公司职工代表
B:董事张某任期内辞职，在新选出董事就任前，张某仍应履行董事职责
C:A公司董事长可由公司章程规定由小股东FY公司派人担任
D:FY公司和FC机械厂可通过公司章程约定不按出资比例分红",B,"选项B不符合规定，原因如下：

根据公司法规定，董事在任期内辞职，应当向董事会提交书面辞职报告。董事辞职报告自送达董事会之日起生效。董事辞职后，公司应当在30日内向工商行政管理机关办理变更登记。一旦董事辞职生效，该董事就不再需要履行董事职责。在新董事选出并上任之前，其他董事会成员应当承担相应职责。

因此，选项B中的说法“董事张某任期内辞职，在新选出董事就任前，张某仍应履行董事职责”是不符合规定的。",,,,,,,,,,,,,,,,,,,,,,,,,,,,,,,,,,,
299,社会科学：初中地理,"我国最大的岛屿是____
A:台湾岛
B:海南岛
C:香港岛
D:崇明岛",A,"选项A是正确的。

原因如下：

我国最大的岛屿是**台湾岛**。台湾岛位于中国大陆东南沿海的东南侧，东临太平洋，西隔台湾海峡与福建省相望，南界巴士海峡与菲律宾群岛相对，北濒东海。台湾岛总面积约为36,190平方千米。

其他选项的岛屿面积相对较小：

- B: 海南岛，位于中国南海北部，总面积约为33,920平方千米。
- C: 香港岛，位于香港特别行政区，总面积约为80平方千米。
- D: 崇明岛，位于中国上海市，长江口处，总面积约为1,041平方千米。

因此，选项A（台湾岛）是正确答案。",,,,,,,,,,,,,,,,,,,,,,,,,,,,,,,,,,,
300,,,,,,,,,,,,,,,,,,,,,,,,,,,,,,,,,,,,,,,
301,社会科学：初中地理,"印度的“绿色革命”指的是____
A:植树造林，保护环境
B:引进培育作物品种，改进粮食生产技术
C:改进灌溉技术，用传统粪肥代替化肥
D:推广天然无公害、无污染的绿色产品",B,"选项B是正确的。

原因如下：

**印度的“绿色革命”**指的是20世纪60年代至70年代在印度实施的一系列农业生产技术改革措施，主要包括**引进培育作物品种，改进粮食生产技术**等。这一革命旨在提高印度粮食产量，满足人口迅速增长的粮食需求，确保国家粮食安全。

绿色革命的主要措施包括：
1. 引进高产、抗病虫害的半矮杆小麦品种。
2. 大量使用化肥、农药和农业机械。
3. 建立灌溉设施，改善农田水利条件。
4. 选拔、培训农业科技人员，普及农业科技知识。

因此，选项B（引进培育作物品种，改进粮食生产技术）是正确答案。",,,,,,,,,,,,,,,,,,,,,,,,,,,,,,,,,,,
302,理工科学：高中生物,"下列叙述中最符合自由水生理功能的是:____
A:运输营养物质和代谢废物
B:与细胞内的其他物质结合
C:作为溶剂，使无机盐成为离子状态
D:细胞结构的组成成分",A,"选项A是正确的。

原因如下：

**自由水**是指细胞外以及细胞内未与其他物质结合的水分子。自由水在生物体内具有多种重要功能。其中最主要的功能就是作为**运输介质**，在生物体内负责**运输营养物质和代谢废物**。

下面是其他选项的解释：

- B: 与细胞内的其他物质结合。这并非自由水的主要功能，而是**结合水**的功能，结合水主要与细胞内的其他物质结合，保持细胞结构的稳定。
- C: 作为溶剂，使无机盐成为离子状态。这一功能是水的普遍功能，不仅限于自由水。
- D: 细胞结构的组成成分。这也是结合水的功能，结合水与细胞内其他物质结合，构成细胞结构。

因此，选项A（运输营养物质和代谢废物）最符合自由水的生理功能。",,,,,,,,,,,,,,,,,,,,,,,,,,,,,,,,,,,
303,理工科学：高中生物,"下列有关生物膜系统的叙述中，正确的是____
A:细胞膜、小肠黏膜等都属于细胞的生物膜系统
B:所有的酶都附着在生物膜上
C:分泌蛋白合成和运输过程中，内质网膜面积减小，细胞膜的面积增大
D:生物膜的组成成分和结构都是一样的",C,"选项C是正确的。

原因如下：

C: **分泌蛋白合成和运输过程中，内质网膜面积减小，细胞膜的面积增大**。这个说法是正确的。在分泌蛋白合成和运输过程中，内质网产生的囊泡会携带蛋白质向高尔基体移动，最终融合到细胞膜上。这个过程会导致内质网膜面积减小，而细胞膜面积增大。

以下是其他选项的解释：

- A: 细胞膜、小肠黏膜等都属于细胞的生物膜系统。这个说法不准确。细胞膜是生物膜系统的一部分，而小肠黏膜是由细胞形成的组织结构，不属于生物膜系统。
- B: 所有的酶都附着在生物膜上。这个说法不正确。酶可以存在于生物膜上，也可以存在于细胞质中或者其他细胞器中。
- D: 生物膜的组成成分和结构都是一样的。这个说法不正确。不同的生物膜可能具有不同的脂质、蛋白质和碳水化合物组成，结构也可能有所差异。

因此，选项C是正确答案。",,,,,,,,,,,,,,,,,,,,,,,,,,,,,,,,,,,
304,理工科学：计算机组成,"指令中地址码的长度不仅与主存容量有关，而且还与____有关。
A:主存字长
B:最小寻址单位
C:指令格式
D:地址码格式",B,"答案是 **B: 最小寻址单位**

在计算机体系结构中，指令的地址码长度确实受到多个因素的影响，其中一个最重要的因素就是**最小寻址单位**。以下是对于上述选项的更深入解释：

- **A: 主存字长**：主存字长是指主存储器中一次可以读写的位数。虽然这可能影响指令的总长度，但它不直接决定地址码的长度。

- **B: 最小寻址单位**：这是决定地址码长度的主要因素。最小寻址单位是计算机内存被组织和访问的最小单位。例如，如果最小寻址单位是字节（8位），那么需要的地址码长度就会比最小寻址单位是32位字的情况更长，因为需要更多的位来唯一标识每个字节。

- **C: 指令格式**：指令格式（如固定长度或可变长度指令）可能影响整个指令的长度，但通常不会直接决定地址码的长度。

- **D: 地址码格式**：地址码的格式或编码方案可能影响地址码的实际表示，但通常是由最小寻址单位和主存容量共同决定的，而不是单独决定的。

因此，答案是 B: 最小寻址单位。",,,,,,,,,,,,,,,,,,,,,,,,,,,,,,,,,,,
305,理工科学：计算机组成,"开中断和关中断两种操作都用于对____进行设置。
A:中断允许触发器
B:中断屏蔽寄存器
C:中断请求寄存器
D:中断向量寄存器",A,"答案是 **A: 中断允许触发器**

在计算机系统中，""开中断""和""关中断""操作通常用于设置**中断允许触发器**。以下是对上述选项的详细解释：

- **A: 中断允许触发器**：这是一个硬件设备，用于控制系统是否允许接收中断。""开中断""操作将触发器设置为允许中断，而""关中断""操作将触发器设置为不允许中断。

- **B: 中断屏蔽寄存器**：中断屏蔽寄存器用于控制哪些中断能够被处理。它通常用于实现中断屏蔽，但不直接参与""开中断""和""关中断""操作。

- **C: 中断请求寄存器**：中断请求寄存器用于记录哪些设备发出了中断请求。它并不直接进行""开中断""和""关中断""操作。

- **D: 中断向量寄存器**：中断向量寄存器用于存储中断处理程序的地址。这个寄存器不用于""开中断""和""关中断""操作。

因此，答案是 A: 中断允许触发器。",,,,,,,,,,,,,,,,,,,,,,,,,,,,,,,,,,,
306,社会科学：高中政治,"人的本质是____
A:永恒不变的
B:随主观意志的变化而变化的
C:随社会关系的变化而变化的
D:随个性的变化而变化",C,"人的本质是随社会关系的变化而变化的，原因有以下几点：

社会环境的影响：人生活在一个复杂的社会环境中，与其他人建立各种各样的社会关系。随着社会关系的变化，人的行为、思想和价值观也会发生改变。

文化传承与习惯养成：人的本质受到文化传承和习惯养成的影响。随着社会发展和时代的演变，文化传统和生活习惯也会发生变化，进而影响人的本质。

人际关系的互动：人的本质受到人际关系互动的影响。在与他人交往中，不同的人际关系会对个体产生不同的影响，使个体在不同的社会关系中呈现出不同的本质特征。

社会制度与规范：人的本质受到社会制度和规范的影响。随着社会制度的变化，人们需要适应新的规范和要求，这会使人的本质发生相应的改变。

个体发展与成长：人的本质会随着个体的发展和成长而变化。在成长过程中，人会不断地学习新知识、积累经验、形成新的认知和价值观，从而影响个体的本质。

综上所述，人的本质是随社会关系的变化而变化的，因为人是生活在社会中的，与其他人建立各种社会关系，受到社会环境、文化传承、人际关系、社会制度和个体发展等多方面因素的影响。",,,,,,,,,,,,,,,,,,,,,,,,,,,,,,,,,,,
307,社会科学：高中政治,"企业联合是指企业之间为增强市场竞争力、获取更大经济效益而实行的合营或合并。大企业之间的联合通常叫强强联合。下列甲乙两公司的行为属于企业强强联合的是____
①甲公司利用乙公司的生产技术力量，投资新项目
②甲公司通过资本市场收购乙公司20%股份
③乙公司把自有资产抵押给银行，用贷款来购买甲公司的设备
④乙公司产品通过甲公司的销售网络迅速进入国际市场
A:①②
B:②③
C:①④
D:②④",C,"选项C中的两个行为符合企业强强联合的定义：

① 甲公司利用乙公司的生产技术力量，投资新项目：这个行为表明甲、乙两公司在生产技术方面互相合作，共同开展新项目。这种合作有助于提高两家公司的市场竞争力和经济效益，符合强强联合的特点。

④ 乙公司产品通过甲公司的销售网络迅速进入国际市场：这个行为表明甲、乙两公司在销售网络方面互相合作，推动乙公司的产品迅速进入国际市场。这种合作有助于提高两家公司的市场竞争力和经济效益，符合强强联合的特点。

而其他选项中的行为，如②甲公司通过资本市场收购乙公司20%股份，和③乙公司把自有资产抵押给银行，用贷款来购买甲公司的设备，虽然涉及到两家公司的合作，但并未体现出双方在某方面共同合作以增强市场竞争力和获取更大经济效益的特点，因此不符合企业强强联合的定义",,,,,,,,,,,,,,,,,,,,,,,,,,,,,,,,,,,
308,理工科学：离散数学,"下列集合中与$\mathbf{\{}1,2\}$不相等的是:____
A:$\{1,2\}\cup\phi$
B:$\{1,2\}$
C:$\{1,2,2\}$
D:$\{x|\ x\in{\mathcal{R}}\land x^{2}-3x+2=0\}$",B,"为什么选B的原因是不正确的，因为集合B与给定的集合是相等的。让我们逐一分析其他选项：

A:，因为一个集合与空集的并集等于它本身。所以，A与给定集合相等。

C:，集合中不允许有重复的元素，因此这个集合实际上等于。所以，C与给定集合相等。

D:，为了找到这个集合的元素，我们需要解方程。这个二次方程可以分解为。这意味着或。因此，这个集合其实就是。所以，D与给定集合相等。

综上所述，所有选项（A, B, C, D）都与给定的集合相等。",,,,,,,,,,,,,,,,,,,,,,,,,,,,,,,,,,,
309,理工科学：离散数学,"令P：天气很冷，Q：老王来了，则命题“虽然天气很冷，但是老王还是来了”可符号化为____
A:P∧Q
B:P→Q
C:P∧﹁Q
D:P→﹁Q",A,"为什么选A的原因是，这个命题表示的是两个事件都发生了：天气很冷（P），老王来了（Q）。在逻辑符号中，我们使用合取（AND）运算符∧来表示两个陈述都为真的情况。因此，正确的符号化表示是 P∧Q。

让我们逐一分析其他选项：

B: P→Q，这表示如果天气很冷（P），那么老王就来了（Q）。这并没有完全表达出原始命题的含义。

C: P∧﹁Q，这表示天气很冷（P），但是老王没有来（﹁Q）。这与原始命题相矛盾。

D: P→﹁Q，这表示如果天气很冷（P），那么老王就没有来（﹁Q）。这也与原始命题相矛盾。

所以，正确的选择是A（P∧Q）。",,,,,,,,,,,,,,,,,,,,,,,,,,,,,,,,,,,